customer_id,total_volume,avg_amount,max_amount,min_amount,transaction_count,last_transaction_date,available_balance,credit_limit,country,currency
CUST00000,14830.75,1235.9,2089.17,46.04,12,2025-04-03 21:19:39,4239.11,2195.31,SE,SEK
CUST00001,40120.39,2507.52,5566.78,57.38,16,2025-04-03 21:49:10,33186.38,5924.72,SE,SEK
CUST00002,52399.51,4366.63,7350.67,1162.84,12,2025-04-03 13:27:36,51367.45,7500.1,DK,DKK
CUST00003,103855.26,9441.39,17261.59,280.34,11,2025-04-03 23:56:38,109594.9,17766.31,SE,SEK
CUST00004,32321.84,2020.12,3567.63,361.94,16,2025-04-03 19:25:15,7350.75,3671.75,SE,SEK
CUST00005,19930.2,2491.28,3447.32,830.07,8,2025-04-03 07:58:22,105422.14,3686.35,FI,EUR
CUST00006,21579.11,2397.68,4322.23,297.12,9,2025-04-03 15:24:23,33332.47,4614.17,NL,EUR
CUST00007,54111.38,4162.41,10405.61,10.56,13,2025-04-03 23:46:23,59646.97,11010.06,DK,DKK
CUST00008,19190.52,1919.05,3406.41,502.87,10,2025-04-03 22:15:14,54618.47,3480.41,DK,DKK
CUST00009,49949.71,7135.67,13134.49,217.17,7,2025-04-02 18:48:47,58022.71,15142.12,SE,SEK
CUST00010,32902.7,5483.78,16844.79,36.34,6,2025-04-03 22:43:50,24144.58,17475.11,DK,DKK
CUST00011,4336.45,481.83,841.81,127.68,9,2025-04-03 17:41:58,23349.47,879.8,NO,NOK
CUST00012,100031.23,10003.12,14581.83,613.06,10,2025-04-03 22:38:40,36510.3,15433.77,SE,SEK
CUST00013,54063.04,4914.82,8117.61,336.23,11,2025-04-03 22:43:24,40125.97,9042.95,NO,NOK
CUST00014,11365.41,1262.82,1682.58,468.89,9,2025-04-03 18:32:10,34092.25,1884.37,NO,NOK
CUST00015,53229.47,6653.68,10541.63,1339.29,8,2025-04-03 19:22:53,129015.49,11015.06,SE,SEK
CUST00016,30060.35,2505.03,6602.68,489.41,12,2025-04-03 16:01:13,117800.6,7408.8,NO,NOK
CUST00017,25592.37,2559.24,4992.94,72.78,10,2025-04-03 19:27:21,101168.0,5348.8,SE,SEK
CUST00018,15865.54,1322.13,2357.09,77.83,12,2025-04-03 17:18:30,63571.31,2409.22,NO,NOK
CUST00019,50682.3,4607.48,7838.94,719.39,11,2025-04-03 23:11:56,25363.51,7889.98,NO,NOK
CUST00020,49419.74,7059.96,11437.24,768.17,7,2025-04-03 12:00:07,63739.62,11794.02,FI,EUR
CUST00021,15210.11,1014.01,1799.76,139.93,15,2025-04-03 22:19:30,9046.21,2062.17,FI,EUR
CUST00022,52424.46,5824.94,9251.77,860.81,9,2025-04-03 23:43:46,101444.28,12577.94,SE,SEK
CUST00023,20353.44,1356.9,2928.68,110.11,15,2025-04-03 23:19:58,47797.29,3052.13,NL,EUR
CUST00024,105433.75,6201.99,18010.63,234.72,17,2025-04-03 11:15:34,1892.66,18698.56,SE,SEK
CUST00025,61371.3,4091.42,6174.81,1686.88,15,2025-04-03 18:46:35,24083.15,6337.89,FI,EUR
CUST00026,162179.94,8109.0,13640.09,1285.53,20,2025-04-03 19:15:50,133512.05,13906.19,SE,SEK
CUST00027,2296.27,255.14,459.88,19.63,9,2025-04-03 08:44:54,135847.81,569.14,FI,EUR
CUST00028,67757.84,6775.78,10704.16,1141.46,10,2025-04-03 21:42:47,82976.22,11858.94,DK,DKK
CUST00029,24628.03,2052.34,4414.21,780.18,12,2025-04-03 23:20:59,46584.62,7396.73,SE,SEK
CUST00030,114463.93,8804.92,15575.85,1180.5,13,2025-04-03 21:04:47,138901.69,16143.59,NO,NOK
CUST00031,34118.18,3101.65,4520.45,1907.85,11,2025-04-03 23:39:08,57689.99,4847.01,SE,SEK
CUST00032,34498.59,3136.24,5930.29,535.52,11,2025-04-03 23:32:13,129720.76,6957.42,FI,EUR
CUST00033,71067.14,7896.35,13679.13,1051.7,9,2025-04-03 23:24:48,87298.17,14706.63,NO,NOK
CUST00034,27369.67,5473.93,9565.06,299.63,5,2025-04-03 21:15:21,17789.04,13893.71,NL,EUR
CUST00035,49012.18,8168.7,13448.05,6037.72,6,2025-04-03 12:05:52,142356.74,14535.21,SE,SEK
CUST00036,59738.51,5973.85,9682.07,1539.8,10,2025-04-03 21:30:57,49264.34,13707.7,DK,DKK
CUST00037,54670.83,6074.54,12021.5,589.96,9,2025-04-03 18:40:52,61208.24,12329.9,FI,EUR
CUST00038,78768.09,5251.21,10144.74,475.2,15,2025-04-03 20:40:53,101506.27,10551.31,DK,DKK
CUST00039,37890.62,5412.95,10176.8,740.77,7,2025-04-03 22:18:50,101082.95,12419.84,NO,NOK
CUST00040,109008.04,9909.82,17193.41,3413.72,11,2025-04-03 20:55:16,29568.07,17906.87,NL,EUR
CUST00041,40023.87,4447.1,8529.8,139.41,9,2025-04-03 22:39:38,120714.42,9401.01,NO,NOK
CUST00042,107116.19,7141.08,15927.18,914.72,15,2025-04-03 13:22:39,47936.04,16877.33,NL,EUR
CUST00043,49610.56,4961.06,10377.61,1161.72,10,2025-04-03 23:02:06,41552.32,17914.02,NO,NOK
CUST00044,42426.84,5303.36,10209.61,490.34,8,2025-04-03 16:32:51,57763.78,11080.92,NO,NOK
CUST00045,86218.88,6632.22,11971.42,309.58,13,2025-04-03 23:41:17,58726.78,15192.76,DK,DKK
CUST00046,3879.56,431.06,1039.41,66.76,9,2025-04-03 18:36:04,120080.29,1065.98,NL,EUR
CUST00047,86843.97,5108.47,11278.68,45.91,17,2025-04-03 19:57:42,126155.6,11505.64,NO,NOK
CUST00048,51910.97,5767.89,9132.88,1546.07,9,2025-04-03 21:36:23,20787.07,9366.64,DK,DKK
CUST00049,31011.0,2385.46,4772.8,496.86,13,2025-04-03 23:02:22,38214.59,4872.33,DK,DKK
CUST00050,49207.26,7029.61,11159.33,3228.44,7,2025-04-03 23:43:52,30304.42,11497.41,NO,NOK
CUST00051,158390.37,8336.34,16738.71,113.18,19,2025-04-03 23:40:18,115151.27,19312.06,FI,EUR
CUST00052,10297.93,1144.21,1892.15,190.44,9,2025-04-03 14:26:23,86581.61,2487.08,FI,EUR
CUST00053,56301.5,7037.69,15112.87,307.66,8,2025-04-03 23:01:15,117503.98,16535.45,NL,EUR
CUST00054,61363.53,7670.44,11011.11,3289.21,8,2025-04-03 15:52:59,106242.64,15605.51,DK,DKK
CUST00055,114599.94,8815.38,14513.25,3264.84,13,2025-04-03 15:13:56,40625.13,15134.29,NL,EUR
CUST00056,24690.05,2743.34,6539.66,454.72,9,2025-04-03 14:31:38,50791.29,7136.61,DK,DKK
CUST00057,66085.3,8260.66,12783.91,1173.73,8,2025-04-03 17:06:34,77735.77,13966.88,SE,SEK
CUST00058,52011.86,4000.91,7162.02,59.18,13,2025-04-03 18:48:30,44488.22,7203.27,SE,SEK
CUST00059,84222.69,9358.08,18159.73,2447.77,9,2025-04-03 23:11:27,41002.01,19042.11,DK,DKK
CUST00060,42418.16,2651.14,3884.08,1466.57,16,2025-04-03 22:42:40,41836.69,3999.11,DK,DKK
CUST00061,9426.05,1178.26,2416.26,116.86,8,2025-04-03 21:57:09,7304.6,2500.46,FI,EUR
CUST00062,24372.15,1523.26,2715.88,174.14,16,2025-04-03 13:56:31,72067.77,2724.7,DK,DKK
CUST00063,14326.46,1193.87,1991.01,27.79,12,2025-04-03 22:40:01,86764.66,2161.03,SE,SEK
CUST00064,138556.07,9237.07,18371.85,470.24,15,2025-04-03 16:42:43,91144.49,19805.61,DK,DKK
CUST00065,36957.89,2053.22,3113.53,396.62,18,2025-04-03 21:38:47,91639.82,3562.61,SE,SEK
CUST00066,34829.79,5804.96,10134.35,2949.14,6,2025-04-03 19:42:02,900.02,14208.26,NO,NOK
CUST00067,63520.3,9074.33,14332.94,1040.29,7,2025-04-03 12:01:35,138624.7,18214.02,NO,NOK
CUST00068,97927.73,6994.84,13982.89,2417.72,14,2025-04-03 20:46:34,118997.97,14144.81,NO,NOK
CUST00069,19550.2,1150.01,2276.64,74.84,17,2025-04-03 23:14:12,65944.95,2280.87,DK,DKK
CUST00070,85837.7,14306.28,17061.83,9122.82,6,2025-04-03 14:35:54,86648.92,19940.44,FI,EUR
CUST00071,36370.29,4041.14,7518.69,482.17,9,2025-04-03 09:01:14,52520.18,8527.08,DK,DKK
CUST00072,16345.09,1485.92,2423.04,307.4,11,2025-04-03 22:03:55,122128.12,2760.47,DK,DKK
CUST00073,59512.97,7439.12,12441.1,3618.32,8,2025-04-03 19:38:47,69565.46,12695.47,NL,EUR
CUST00074,83040.31,6920.03,15723.27,250.07,12,2025-04-03 15:11:13,20086.48,16086.62,NL,EUR
CUST00075,43594.71,4843.86,9248.4,380.93,9,2025-04-03 17:47:00,83061.59,10218.32,SE,SEK
CUST00076,59984.66,6664.96,9515.0,2015.85,9,2025-04-03 20:19:04,62615.81,10410.7,FI,EUR
CUST00077,102954.77,7353.91,15900.85,161.21,14,2025-04-03 22:18:17,51311.35,19978.6,DK,DKK
CUST00078,106337.62,7089.17,10265.94,2205.5,15,2025-04-03 18:00:24,72909.04,11650.05,NL,EUR
CUST00079,3462.08,865.52,915.5,786.21,4,2025-04-03 13:19:24,111833.42,2961.8,FI,EUR
CUST00080,9124.98,912.5,1826.16,85.33,10,2025-04-03 20:39:49,15406.9,1959.15,DK,DKK
CUST00081,92682.39,9268.24,17361.46,388.59,10,2025-04-03 17:36:13,97650.58,17511.47,DK,DKK
CUST00082,59880.07,6653.34,12928.24,976.95,9,2025-04-03 21:56:52,94858.57,15327.21,NO,NOK
CUST00083,8217.34,1369.56,3256.58,46.46,6,2025-04-03 22:46:19,135561.9,3338.61,FI,EUR
CUST00084,20573.93,1714.49,2828.28,457.13,12,2025-04-03 23:36:58,25912.56,3290.8,NO,NOK
CUST00085,123178.05,11198.0,19018.99,740.82,11,2025-04-03 21:06:18,100192.69,19759.21,FI,EUR
CUST00086,14220.1,2844.02,7464.84,225.11,5,2025-04-03 04:51:12,68796.95,11652.49,FI,EUR
CUST00087,122555.19,8753.94,15178.88,17.61,14,2025-04-03 22:49:51,3779.97,16740.36,FI,EUR
CUST00088,29044.32,3227.15,6069.97,2098.02,9,2025-04-03 19:06:07,33241.18,6524.19,FI,EUR
CUST00089,70610.97,7061.1,14724.31,1412.31,10,2025-04-03 22:24:02,109987.79,15837.0,FI,EUR
CUST00090,101057.65,12632.21,16761.06,8081.64,8,2025-04-03 22:31:52,124655.66,19276.42,FI,EUR
CUST00091,44153.92,4415.39,7772.81,395.03,10,2025-04-03 23:52:16,145106.83,9368.33,DK,DKK
CUST00092,59103.92,6567.1,11220.85,1221.91,9,2025-04-03 16:15:19,16697.74,13129.22,FI,EUR
CUST00093,17404.21,2175.53,3142.99,133.67,8,2025-04-03 11:20:29,17943.05,3145.45,DK,DKK
CUST00094,125046.59,11367.87,18448.41,2531.3,11,2025-04-03 23:02:57,63159.45,19035.83,NL,EUR
CUST00095,91099.27,8281.75,16094.57,2336.33,11,2025-04-03 18:00:58,81897.65,19005.71,FI,EUR
CUST00096,24931.43,1917.8,3232.48,175.98,13,2025-04-03 23:34:53,96434.82,4501.51,NO,NOK
CUST00097,121016.52,10084.71,15936.98,332.31,12,2025-04-03 19:12:43,122051.42,19756.78,NO,NOK
CUST00098,52996.41,5888.49,11877.89,138.39,9,2025-04-03 16:48:17,99328.12,11982.63,SE,SEK
CUST00099,34178.38,3797.6,8962.26,666.22,9,2025-04-03 19:40:52,19450.4,10508.14,SE,SEK
CUST00100,8058.07,732.55,1524.97,16.34,11,2025-04-03 23:00:41,141839.64,1686.1,NO,NOK
CUST00101,11476.29,1043.3,1711.55,171.06,11,2025-04-03 23:40:52,73795.19,1780.8,SE,SEK
CUST00102,60702.54,4335.9,8503.76,842.03,14,2025-04-03 21:00:53,82479.29,8888.89,NL,EUR
CUST00103,49388.04,4938.8,8236.32,2388.25,10,2025-04-03 23:55:43,64795.46,8611.8,NO,NOK
CUST00104,8473.39,1059.17,2310.3,60.93,8,2025-04-03 17:58:30,99933.63,2317.99,FI,EUR
CUST00105,100408.51,7172.04,16352.54,1907.45,14,2025-04-03 20:48:28,9467.16,17427.8,NL,EUR
CUST00106,12704.73,2540.95,6916.49,244.24,5,2025-04-03 16:57:00,53071.1,7327.22,FI,EUR
CUST00107,5798.38,579.84,1026.08,49.18,10,2025-04-03 23:08:52,86327.95,1064.59,FI,EUR
CUST00108,22365.38,1491.03,2275.03,675.9,15,2025-04-03 19:44:35,1412.82,2289.27,FI,EUR
CUST00109,46842.3,6691.76,11631.82,1896.39,7,2025-04-03 21:50:04,68320.05,12126.36,DK,DKK
CUST00110,54600.19,4963.65,7325.9,1070.94,11,2025-04-03 23:47:07,7939.49,8576.58,NL,EUR
CUST00111,3717.95,464.74,911.75,193.98,8,2025-04-03 23:48:30,64772.09,1385.64,FI,EUR
CUST00112,2718.15,388.31,619.64,28.96,7,2025-04-03 18:17:49,31061.26,650.73,SE,SEK
CUST00113,79457.49,5675.53,8735.82,2504.48,14,2025-04-03 22:46:29,80121.06,9006.28,DK,DKK
CUST00114,16840.42,1684.04,3337.08,152.35,10,2025-04-03 22:02:26,64678.0,3851.53,NL,EUR
CUST00115,9655.78,877.8,2010.23,44.96,11,2025-04-03 17:11:03,13675.42,2033.62,FI,EUR
CUST00116,74208.82,12368.14,17391.59,4804.54,6,2025-04-03 22:00:46,116978.12,18165.49,FI,EUR
CUST00117,11036.86,1576.69,3590.91,123.34,7,2025-04-03 14:28:17,35822.19,3954.35,NO,NOK
CUST00118,62311.49,4154.1,9216.03,269.77,15,2025-04-03 22:38:40,67611.34,9643.96,NL,EUR
CUST00119,50132.93,8355.49,12516.77,4235.69,6,2025-04-03 10:19:10,53115.36,16718.08,SE,SEK
CUST00120,23189.0,3864.83,8666.97,664.4,6,2025-04-03 20:59:13,76306.64,10276.66,NL,EUR
CUST00121,120536.33,9272.03,16935.11,618.26,13,2025-04-03 23:51:37,147366.64,19824.23,FI,EUR
CUST00122,5225.56,580.62,1467.57,242.59,9,2025-04-03 15:03:40,54902.74,1521.13,NO,NOK
CUST00123,65134.56,5921.32,12971.41,225.95,11,2025-04-03 23:44:05,83915.5,13440.44,SE,SEK
CUST00124,70319.39,10045.63,15197.95,3643.37,7,2025-04-03 20:52:25,19778.27,16357.1,DK,DKK
CUST00125,62018.03,12403.61,16773.79,1531.37,5,2025-04-03 22:30:49,76519.03,18979.53,DK,DKK
CUST00126,17782.79,1616.62,2811.55,488.03,11,2025-04-03 16:10:06,23664.3,3055.46,NO,NOK
CUST00127,66677.84,8334.73,15810.44,2131.26,8,2025-04-03 23:35:05,124786.09,19406.98,NO,NOK
CUST00128,143343.05,10238.79,19396.53,2040.65,14,2025-04-03 23:27:57,35483.44,19696.58,DK,DKK
CUST00129,83234.21,5945.3,11386.71,137.9,14,2025-04-03 15:33:00,79355.24,13002.99,NL,EUR
CUST00130,19653.62,1786.69,3260.16,218.2,11,2025-04-03 18:59:50,127749.32,3373.3,NL,EUR
CUST00131,29084.57,3231.62,4835.22,1523.13,9,2025-04-03 19:03:52,132752.15,5097.67,DK,DKK
CUST00132,41863.75,10465.94,12619.8,6847.09,4,2025-04-03 16:27:07,48143.39,14073.4,SE,SEK
CUST00133,91498.94,9149.89,18074.25,444.91,10,2025-04-03 17:33:20,1285.05,18834.41,NL,EUR
CUST00134,72254.34,6021.2,9307.81,255.73,12,2025-04-03 11:11:30,116537.81,9413.72,SE,SEK
CUST00135,20215.77,2887.97,6524.12,403.08,7,2025-04-03 23:16:05,2957.09,7379.91,NL,EUR
CUST00136,4855.53,485.55,1132.32,66.27,10,2025-04-03 17:28:14,78760.94,1348.92,SE,SEK
CUST00137,11139.64,1237.74,2591.66,96.26,9,2025-04-03 18:22:52,53885.53,3101.49,SE,SEK
CUST00138,7373.72,670.34,1258.25,81.86,11,2025-04-03 23:35:01,124642.36,1730.46,NO,NOK
CUST00139,54359.24,5435.92,9296.9,13.44,10,2025-04-03 19:42:03,7049.04,9731.3,NO,NOK
CUST00140,74332.06,9291.51,14696.16,1692.11,8,2025-04-03 20:12:58,129389.71,17844.99,FI,EUR
CUST00141,8190.77,1170.11,1870.61,12.87,7,2025-04-03 17:14:18,74682.38,2039.08,NO,NOK
CUST00142,41282.07,5160.26,10068.99,1178.44,8,2025-04-03 23:57:04,48521.11,14494.43,FI,EUR
CUST00143,48979.82,4081.65,7409.87,1000.02,12,2025-04-03 02:27:40,6832.1,7584.57,DK,DKK
CUST00144,21317.2,3045.31,6466.36,639.69,7,2025-04-03 16:38:02,101874.29,7561.94,NL,EUR
CUST00145,17436.52,1245.47,2652.62,390.85,14,2025-04-03 22:01:09,102019.78,3185.05,NO,NOK
CUST00146,76714.78,7671.48,14406.66,932.79,10,2025-04-03 20:17:44,37816.94,18314.08,FI,EUR
CUST00147,77597.31,7054.3,16052.91,702.37,11,2025-04-03 08:26:22,32578.28,17130.11,DK,DKK
CUST00148,54368.36,6040.93,10776.46,915.82,9,2025-04-03 20:24:41,149590.73,11072.34,DK,DKK
CUST00149,50394.55,6299.32,15661.47,722.14,8,2025-04-03 21:36:50,119157.61,15912.27,NO,NOK
CUST00150,87800.54,9755.62,19152.92,2179.17,9,2025-04-03 21:40:16,55652.22,19992.1,NL,EUR
CUST00151,41525.23,3460.44,6382.31,615.25,12,2025-04-03 19:39:32,123589.24,7218.04,DK,DKK
CUST00152,134384.87,9598.92,18225.66,180.19,14,2025-04-03 23:55:37,65176.43,18727.39,NO,NOK
CUST00153,111910.82,6582.99,10764.1,1025.6,17,2025-04-03 16:42:31,126967.09,12481.35,FI,EUR
CUST00154,7512.74,577.9,1093.76,37.23,13,2025-04-03 23:38:20,88975.36,1303.29,NO,NOK
CUST00155,36340.34,3303.67,5222.99,901.63,11,2025-04-03 23:34:58,40066.06,6148.6,NL,EUR
CUST00156,54083.53,6760.44,8454.27,4304.55,8,2025-04-03 18:26:45,44966.36,9556.62,DK,DKK
CUST00157,55387.69,5035.24,10248.01,224.07,11,2025-04-03 23:33:04,129292.02,10542.11,FI,EUR
CUST00158,68027.33,9718.19,17044.05,387.04,7,2025-04-03 21:48:51,18817.03,17351.2,DK,DKK
CUST00159,54312.48,4526.04,8723.79,967.15,12,2025-04-03 22:57:12,140095.85,9602.89,FI,EUR
CUST00160,6979.53,775.5,1424.7,32.74,9,2025-04-03 22:17:41,141812.3,1485.54,SE,SEK
CUST00161,55195.2,3942.51,6691.86,242.63,14,2025-04-03 22:59:44,43219.38,7635.78,DK,DKK
CUST00162,26400.91,3771.56,5877.34,1790.66,7,2025-04-03 08:08:25,29600.97,5954.55,NL,EUR
CUST00163,96681.98,5687.18,11187.65,593.66,17,2025-04-03 18:04:15,146274.88,12248.03,NO,NOK
CUST00164,18661.91,1866.19,3142.28,174.38,10,2025-04-03 19:50:32,6317.64,3225.73,SE,SEK
CUST00165,75941.41,6328.45,9223.91,1851.1,12,2025-04-03 18:39:34,148597.05,9760.41,DK,DKK
CUST00166,81891.48,8189.15,15267.63,447.68,10,2025-04-03 21:37:39,146994.76,19357.88,SE,SEK
CUST00167,2154.08,538.52,1039.82,78.33,4,2025-04-03 23:08:14,87736.73,1115.63,SE,SEK
CUST00168,94708.04,10523.12,16181.5,1477.96,9,2025-04-03 13:57:00,47397.03,18450.16,DK,DKK
CUST00169,55742.66,5574.27,11064.3,487.21,10,2025-04-03 22:50:51,84352.57,11152.33,NO,NOK
CUST00170,69158.65,11526.44,14898.29,8681.54,6,2025-04-03 23:20:17,143621.94,15537.9,NO,NOK
CUST00171,51097.14,5677.46,15002.87,102.96,9,2025-04-03 19:51:33,52646.07,16458.36,DK,DKK
CUST00172,38393.92,2399.62,4345.55,286.4,16,2025-04-03 21:13:06,143319.4,4440.33,FI,EUR
CUST00173,26106.47,2373.32,3657.11,898.53,11,2025-04-03 23:30:07,21022.31,4900.6,FI,EUR
CUST00174,86859.3,7238.28,17930.0,578.07,12,2025-04-03 17:45:59,49878.9,19569.26,DK,DKK
CUST00175,95476.39,7956.37,12507.35,1245.44,12,2025-04-03 21:17:07,71878.55,13219.83,DK,DKK
CUST00176,103371.74,10337.17,15177.19,894.99,10,2025-04-03 21:44:53,137027.84,15865.23,SE,SEK
CUST00177,66170.39,5090.03,10330.12,139.33,13,2025-04-03 13:22:59,45109.64,10724.21,SE,SEK
CUST00178,3156.99,394.62,766.46,151.03,8,2025-04-03 22:04:36,29325.3,774.64,FI,EUR
CUST00179,24595.21,2459.52,3715.67,388.27,10,2025-04-03 23:31:09,26736.49,4103.23,NO,NOK
CUST00180,70526.06,8815.76,11431.24,4064.88,8,2025-04-03 22:38:05,1521.1,11857.98,NO,NOK
CUST00181,97248.57,5720.5,13780.58,64.25,17,2025-04-03 19:12:31,104068.9,13878.44,FI,EUR
CUST00182,62910.67,3931.92,6744.82,110.78,16,2025-04-03 20:44:16,55447.81,7785.68,FI,EUR
CUST00183,11705.85,1064.17,1911.6,34.63,11,2025-04-03 14:51:35,114398.01,2023.0,NO,NOK
CUST00184,44473.01,4941.45,8054.58,137.48,9,2025-04-03 23:11:17,135481.78,9115.89,NL,EUR
CUST00185,79670.07,5311.34,9185.22,1377.58,15,2025-04-03 16:47:55,134883.96,11396.55,SE,SEK
CUST00186,85804.57,7150.38,14125.09,3078.98,12,2025-04-03 22:14:41,122559.76,14157.51,FI,EUR
CUST00187,38684.12,4835.52,8481.82,1243.68,8,2025-04-03 12:43:33,5244.36,9246.47,DK,DKK
CUST00188,73232.02,4577.0,9854.43,680.49,16,2025-04-03 21:26:28,20381.98,10812.43,NL,EUR
CUST00189,91513.23,9151.32,17909.6,272.56,10,2025-04-03 23:01:02,69719.08,18779.5,FI,EUR
CUST00190,5662.77,471.9,1081.26,39.23,12,2025-04-03 21:40:31,92431.02,1154.74,DK,DKK
CUST00191,36440.77,2143.57,4945.19,127.45,17,2025-04-03 15:50:30,60638.67,5066.15,SE,SEK
CUST00192,49917.2,2627.22,4778.98,95.03,19,2025-04-03 20:29:24,115994.46,4810.33,NL,EUR
CUST00193,109340.81,13667.6,18538.58,2245.14,8,2025-04-03 16:20:49,142303.78,19459.66,NL,EUR
CUST00194,28208.19,2564.38,4659.88,105.76,11,2025-04-03 23:48:55,61534.75,6364.36,DK,DKK
CUST00195,85254.76,6089.63,10673.44,153.26,14,2025-04-03 19:57:10,62195.28,13110.76,NL,EUR
CUST00196,5748.2,638.69,1174.43,65.47,9,2025-04-03 17:58:03,108825.41,1271.18,NL,EUR
CUST00197,87658.31,8765.83,18897.22,780.01,10,2025-04-03 23:10:54,32943.97,19260.51,NL,EUR
CUST00198,70973.93,7885.99,12783.82,1772.93,9,2025-04-03 14:00:19,105713.4,13150.07,NL,EUR
CUST00199,39771.23,9942.81,14771.18,193.41,4,2025-04-03 20:44:24,132480.39,18329.44,NL,EUR
CUST00200,109101.44,7273.43,11724.85,377.64,15,2025-04-03 22:45:15,84597.45,11793.29,SE,SEK
CUST00201,143176.78,11013.6,18163.7,2260.94,13,2025-04-03 17:27:46,49814.86,19346.91,NO,NOK
CUST00202,73005.3,10429.33,18132.1,1668.24,7,2025-04-03 23:19:59,25805.22,18931.17,FI,EUR
CUST00203,34496.57,3832.95,7330.29,359.0,9,2025-04-03 22:15:40,126460.44,9392.19,NO,NOK
CUST00204,6758.72,375.48,707.09,16.74,18,2025-04-03 23:53:03,136956.34,731.09,NL,EUR
CUST00205,14428.66,2061.24,2866.86,1032.4,7,2025-04-03 02:05:30,3062.82,3403.5,FI,EUR
CUST00206,59883.4,7485.42,14029.12,98.63,8,2025-04-03 12:32:10,122374.55,19809.54,FI,EUR
CUST00207,44792.3,4479.23,8605.02,375.7,10,2025-04-03 23:55:18,98233.49,9782.1,SE,SEK
CUST00208,64325.88,6432.59,9473.29,415.72,10,2025-04-03 22:54:58,126876.8,9772.26,DK,DKK
CUST00209,6831.59,1138.6,1879.47,433.09,6,2025-04-03 14:30:00,134947.09,3311.74,FI,EUR
CUST00210,95937.37,10659.71,15229.42,497.15,9,2025-04-03 16:35:28,84811.75,15914.71,NO,NOK
CUST00211,88962.79,9884.75,15593.07,2769.13,9,2025-04-03 23:10:59,8527.62,19119.74,FI,EUR
CUST00212,36316.12,3026.34,7410.67,324.96,12,2025-04-03 23:51:24,117640.45,8921.03,FI,EUR
CUST00213,78114.98,7101.36,14338.38,948.37,11,2025-04-03 20:05:44,44659.23,14377.7,NL,EUR
CUST00214,18409.78,1840.98,3814.17,63.71,10,2025-04-03 15:03:38,16429.36,4154.14,FI,EUR
CUST00215,49896.53,7128.08,13940.52,238.02,7,2025-04-03 20:19:26,61502.6,17342.5,NL,EUR
CUST00216,16837.19,1403.1,3159.07,296.96,12,2025-04-03 12:22:38,116985.78,3207.38,DK,DKK
CUST00217,45213.88,4110.35,6648.29,2282.81,11,2025-04-03 16:53:04,9958.44,7541.94,NO,NOK
CUST00218,54996.83,6110.76,16239.15,47.02,9,2025-04-03 19:24:29,29734.46,16911.46,NL,EUR
CUST00219,40580.3,3689.12,7969.31,173.94,11,2025-04-03 21:31:15,64877.13,9840.69,FI,EUR
CUST00220,83173.78,6931.15,12730.2,403.53,12,2025-04-03 22:43:57,110363.72,16421.64,FI,EUR
CUST00221,120559.73,8037.32,18832.9,131.19,15,2025-04-03 23:57:40,30370.11,18888.01,NL,EUR
CUST00222,70418.37,6401.67,13661.1,606.07,11,2025-04-03 09:11:06,122935.35,14447.11,SE,SEK
CUST00223,146225.86,9139.12,13661.62,2564.28,16,2025-04-03 08:38:54,72145.59,14181.87,NL,EUR
CUST00224,4338.57,1084.64,1113.02,1061.15,4,2025-04-03 01:26:15,16850.73,1363.79,SE,SEK
CUST00225,31795.88,3532.88,8623.51,107.28,9,2025-04-03 17:38:50,2076.89,9529.73,SE,SEK
CUST00226,19317.42,1379.82,2728.87,44.63,14,2025-04-03 23:38:10,149656.56,2763.35,FI,EUR
CUST00227,83832.58,7621.14,13469.15,128.04,11,2025-04-03 23:58:01,68572.23,14578.88,FI,EUR
CUST00228,97483.79,12185.47,18319.11,1456.65,8,2025-04-03 22:58:36,7180.12,18633.49,FI,EUR
CUST00229,35092.65,2193.29,3992.11,64.23,16,2025-04-03 20:57:41,24440.29,4134.55,NL,EUR
CUST00230,101034.77,7771.91,11746.99,1572.45,13,2025-04-03 23:54:56,132523.06,11758.28,NL,EUR
CUST00231,34839.26,4977.04,12045.24,1055.21,7,2025-04-03 17:54:49,29962.6,12140.93,FI,EUR
CUST00232,192205.35,10678.08,18149.95,989.85,18,2025-04-03 22:05:39,52514.73,18414.31,SE,SEK
CUST00233,37054.41,3705.44,9805.1,410.31,10,2025-04-03 22:48:36,47321.27,10461.08,NO,NOK
CUST00234,30482.06,3048.21,5891.01,201.23,10,2025-04-03 03:13:30,57864.64,6132.28,NL,EUR
CUST00235,78361.2,5597.23,10165.57,473.73,14,2025-04-03 21:36:51,8514.88,10356.04,NL,EUR
CUST00236,96050.26,9605.03,15368.57,4126.58,10,2025-04-03 14:48:29,62636.75,16019.68,DK,DKK
CUST00237,98674.4,6578.29,10936.29,1103.13,15,2025-04-03 19:25:58,34114.09,11667.92,FI,EUR
CUST00238,84727.47,7702.5,13799.14,2312.72,11,2025-04-03 12:15:49,123480.33,14851.78,NL,EUR
CUST00239,88599.95,7383.33,13559.01,811.34,12,2025-04-03 21:35:11,39790.88,13938.1,DK,DKK
CUST00240,41344.68,3758.61,6246.98,147.71,11,2025-04-03 23:43:43,21315.63,6811.25,NL,EUR
CUST00241,118818.32,8487.02,17364.57,3082.01,14,2025-04-03 18:48:26,142883.4,17407.43,FI,EUR
CUST00242,39998.67,6666.44,10346.77,649.65,6,2025-04-03 03:57:14,106853.53,12831.84,NO,NOK
CUST00243,26682.74,5336.55,8230.4,100.48,5,2025-04-03 16:04:14,95227.35,9366.57,SE,SEK
CUST00244,58812.04,4901.0,8182.8,16.41,12,2025-04-03 23:42:37,130401.71,8255.46,SE,SEK
CUST00245,51448.62,6431.08,14821.08,814.59,8,2025-04-03 23:41:22,48768.34,15871.92,FI,EUR
CUST00246,17134.25,1557.66,3681.34,139.95,11,2025-04-03 19:16:41,2934.06,4445.21,DK,DKK
CUST00247,6569.01,729.89,1261.29,353.27,9,2025-04-03 17:47:15,14454.33,1509.85,FI,EUR
CUST00248,49967.55,5551.95,10548.24,431.43,9,2025-04-03 18:25:30,105702.86,10629.16,SE,SEK
CUST00249,9996.47,999.65,2504.46,240.65,10,2025-04-03 20:37:52,122657.8,2512.43,FI,EUR
CUST00250,4236.4,302.6,654.25,22.86,14,2025-04-03 17:22:52,116132.34,665.26,DK,DKK
CUST00251,141384.46,8836.53,14972.77,674.54,16,2025-04-03 11:48:12,94397.97,15172.69,NO,NOK
CUST00252,125821.25,7401.25,11670.11,1197.43,17,2025-04-03 21:09:35,47518.3,12200.15,DK,DKK
CUST00253,70413.06,7823.67,12883.35,1414.44,9,2025-04-03 23:15:47,127259.87,13100.31,SE,SEK
CUST00254,41470.28,2962.16,7849.46,34.35,14,2025-04-03 23:09:29,36541.72,8043.35,SE,SEK
CUST00255,39542.88,3041.76,5523.46,121.37,13,2025-04-03 23:36:48,102599.84,5612.61,NL,EUR
CUST00256,52875.42,5287.54,10076.88,1151.64,10,2025-04-03 19:04:08,43329.93,10984.28,NL,EUR
CUST00257,37225.85,2658.99,6118.29,436.68,14,2025-04-03 20:55:02,12313.72,6548.31,FI,EUR
CUST00258,12240.37,1224.04,2523.12,97.62,10,2025-04-03 17:02:41,13388.81,2829.14,NO,NOK
CUST00259,52394.33,6549.29,14497.93,1159.89,8,2025-04-03 21:17:29,142975.92,14792.25,DK,DKK
CUST00260,16043.61,3208.72,6093.34,2003.54,5,2025-04-03 14:38:51,41161.1,7522.42,DK,DKK
CUST00261,4058.21,312.17,526.03,111.72,13,2025-04-03 17:06:55,24017.84,550.09,FI,EUR
CUST00262,24484.28,2448.43,4131.08,981.02,10,2025-04-03 23:25:31,54914.49,4878.05,DK,DKK
CUST00263,28509.48,2193.04,3987.5,271.24,13,2025-04-03 19:26:02,41053.06,3997.21,FI,EUR
CUST00264,2091.22,348.54,615.28,40.44,6,2025-04-03 16:00:34,131610.19,655.4,SE,SEK
CUST00265,42879.58,7146.6,12921.12,927.23,6,2025-04-03 15:53:08,111066.61,14783.04,FI,EUR
CUST00266,97450.28,7496.18,17516.9,565.14,13,2025-04-03 21:35:49,139893.43,19044.31,SE,SEK
CUST00267,89544.73,5596.55,11553.0,797.53,16,2025-04-03 19:52:08,16040.38,14377.22,FI,EUR
CUST00268,14889.24,1488.92,2824.26,438.44,10,2025-04-03 23:15:28,62251.99,3103.52,NL,EUR
CUST00269,55213.93,6901.74,11365.44,2964.19,8,2025-04-03 16:29:36,9811.29,14164.15,NL,EUR
CUST00270,59762.84,5432.99,8658.13,1397.0,11,2025-04-03 08:37:24,35424.88,9266.55,FI,EUR
CUST00271,11967.44,1196.74,2088.75,60.76,10,2025-04-03 20:25:10,54063.97,2263.21,NL,EUR
CUST00272,63752.41,6375.24,10318.98,1757.87,10,2025-04-03 21:44:15,125470.75,10512.46,NO,NOK
CUST00273,2308.99,2308.99,2308.99,2308.99,1,2025-04-02 14:17:47,142838.44,16175.99,SE,SEK
CUST00274,58641.98,5864.2,12558.54,200.1,10,2025-04-03 23:29:25,124640.66,13882.56,SE,SEK
CUST00275,79436.68,8826.3,15188.6,1409.5,9,2025-04-03 17:05:46,137655.57,16281.32,FI,EUR
CUST00276,34689.56,4336.2,8514.54,269.16,8,2025-04-03 19:16:24,141370.96,10174.46,SE,SEK
CUST00277,55787.27,5071.57,12448.04,38.25,11,2025-04-03 22:32:07,32600.06,12475.08,FI,EUR
CUST00278,24326.26,2211.48,3770.34,39.55,11,2025-04-03 11:48:36,75084.3,4389.43,FI,EUR
CUST00279,41257.25,3750.66,7196.54,146.83,11,2025-04-03 23:46:28,119329.51,7208.67,NL,EUR
CUST00280,5631.65,804.52,1452.68,382.91,7,2025-04-03 22:21:34,40930.13,1642.53,DK,DKK
CUST00281,35296.69,5882.78,9636.59,399.51,6,2025-04-03 17:45:00,149941.06,10906.95,NL,EUR
CUST00282,108130.88,9830.08,17616.57,274.93,11,2025-04-03 19:15:35,53543.29,18322.61,DK,DKK
CUST00283,5542.04,1108.41,2040.76,225.95,5,2025-04-03 16:21:58,21744.29,2260.02,NL,EUR
CUST00284,59815.54,6646.17,12257.99,351.88,9,2025-04-03 21:22:32,79204.05,14480.28,SE,SEK
CUST00285,80102.1,6675.17,13290.38,870.07,12,2025-04-03 19:48:56,88198.07,14238.49,NO,NOK
CUST00286,89360.65,6382.9,13762.55,39.41,14,2025-04-03 23:46:20,45613.89,14290.07,FI,EUR
CUST00287,25238.53,1682.57,2945.06,353.95,15,2025-04-03 23:06:12,99996.98,2983.29,NO,NOK
CUST00288,115059.2,7670.61,13957.57,1572.44,15,2025-04-03 18:53:11,5341.22,18765.41,NL,EUR
CUST00289,58194.15,3637.13,6458.02,1264.81,16,2025-04-03 20:33:26,36080.39,9209.28,SE,SEK
CUST00290,37356.92,4669.62,10222.5,529.98,8,2025-04-03 19:55:42,52896.93,14785.4,SE,SEK
CUST00291,73710.39,8190.04,12594.89,62.53,9,2025-04-03 23:40:10,53009.06,16084.29,DK,DKK
CUST00292,50533.23,5614.8,13646.77,406.9,9,2025-04-03 21:34:23,39538.59,14773.71,FI,EUR
CUST00293,76569.56,6960.87,11614.43,728.23,11,2025-04-03 14:39:19,147798.78,12342.69,NL,EUR
CUST00294,17707.73,2529.68,4334.27,92.35,7,2025-04-03 20:46:56,49998.64,5132.19,SE,SEK
CUST00295,94643.53,9464.35,16307.52,2388.55,10,2025-04-03 22:39:05,126058.25,16566.0,NL,EUR
CUST00296,40770.9,3706.45,6135.06,269.58,11,2025-04-03 20:58:16,4347.49,6512.89,SE,SEK
CUST00297,21478.25,2147.82,3653.95,834.97,10,2025-04-03 14:22:44,14124.96,4138.37,FI,EUR
CUST00298,12295.04,1024.59,1916.45,199.72,12,2025-04-03 20:39:08,39878.42,2171.29,DK,DKK
CUST00299,50477.45,6309.68,8324.87,4224.74,8,2025-04-03 21:03:21,34513.16,9787.11,NL,EUR
CUST00300,86903.9,8690.39,18144.82,784.32,10,2025-04-03 19:46:20,75564.17,19457.22,SE,SEK
CUST00301,54931.94,3433.25,6522.54,299.19,16,2025-04-03 23:23:35,12216.09,6735.12,DK,DKK
CUST00302,91201.15,5066.73,11840.0,644.66,18,2025-04-03 15:04:41,59904.57,11957.73,NL,EUR
CUST00303,95982.14,10664.68,15926.36,1934.53,9,2025-04-03 22:31:27,22655.86,17662.65,NO,NOK
CUST00304,72444.98,9055.62,11721.72,5640.47,8,2025-04-03 22:59:23,86017.47,12368.78,DK,DKK
CUST00305,34236.06,3423.61,5834.37,988.37,10,2025-04-03 23:50:18,103731.81,7088.39,FI,EUR
CUST00306,102088.15,6005.19,14018.38,280.09,17,2025-04-03 23:14:38,128806.1,15593.6,DK,DKK
CUST00307,81506.66,7409.7,14063.5,762.18,11,2025-04-03 22:16:52,90944.38,14948.42,DK,DKK
CUST00308,128835.25,8052.2,17128.92,2470.11,16,2025-04-03 23:53:25,118827.81,17646.99,NL,EUR
CUST00309,28943.63,3215.96,5812.92,57.6,9,2025-04-03 23:41:50,125628.01,5842.56,NO,NOK
CUST00310,26518.76,4419.79,10167.43,574.79,6,2025-04-03 14:12:51,102335.57,11944.16,SE,SEK
CUST00311,109236.74,9103.06,16832.68,1296.93,12,2025-04-03 17:30:49,112469.69,17149.52,FI,EUR
CUST00312,35853.98,5122.0,8400.72,1916.09,7,2025-04-03 23:03:53,101815.44,9744.9,NO,NOK
CUST00313,116911.36,8350.81,15087.4,1898.13,14,2025-04-03 18:10:58,33953.62,17105.93,SE,SEK
CUST00314,106891.28,7126.09,11277.17,1493.67,15,2025-04-03 20:02:44,45670.69,11448.41,DK,DKK
CUST00315,51963.24,2886.85,5431.71,120.13,18,2025-04-03 23:26:00,102819.76,5592.36,FI,EUR
CUST00316,100229.99,10023.0,14496.33,2876.98,10,2025-04-03 20:54:17,114938.42,14565.02,NL,EUR
CUST00317,55697.27,5063.39,12270.9,1149.94,11,2025-04-03 15:43:09,60987.53,13883.2,DK,DKK
CUST00318,68304.71,7589.41,14566.54,1511.33,9,2025-04-03 21:46:09,126890.18,14641.14,FI,EUR
CUST00319,42160.61,3513.38,7152.4,25.6,12,2025-04-03 22:05:36,98337.98,7747.81,FI,EUR
CUST00320,32654.26,4664.89,6761.81,791.94,7,2025-04-03 04:21:40,70845.22,10831.85,SE,SEK
CUST00321,104606.39,10460.64,14743.87,1287.96,10,2025-04-03 17:10:09,148856.0,15689.35,NO,NOK
CUST00322,61876.95,5625.18,10156.33,1827.44,11,2025-04-03 22:41:54,47355.4,11737.44,NO,NOK
CUST00323,2904.78,322.75,550.29,74.88,9,2025-04-03 15:17:50,92364.72,591.05,NO,NOK
CUST00324,61363.21,6136.32,11404.84,1003.95,10,2025-04-03 23:39:52,142535.26,12720.4,FI,EUR
CUST00325,26821.34,2980.15,5668.94,888.88,9,2025-04-03 16:51:53,47157.79,6314.94,FI,EUR
CUST00326,46169.76,3847.48,7182.58,123.78,12,2025-04-03 18:43:48,89657.3,7505.39,NL,EUR
CUST00327,21639.94,1664.61,2727.28,104.89,13,2025-04-03 22:06:09,34648.53,2901.66,SE,SEK
CUST00328,10421.31,744.38,1326.7,319.53,14,2025-04-03 21:05:07,115801.82,1440.58,FI,EUR
CUST00329,33076.93,3675.21,5940.12,986.79,9,2025-04-03 23:38:12,18977.46,6371.77,DK,DKK
CUST00330,81353.12,5810.94,9939.99,1969.24,14,2025-04-03 23:45:19,91042.33,10205.91,NL,EUR
CUST00331,86807.46,7891.59,12814.99,2849.58,11,2025-04-03 20:54:35,145981.4,13919.98,NL,EUR
CUST00332,118738.63,10794.42,17639.74,2363.63,11,2025-04-03 23:59:03,2406.04,18143.2,SE,SEK
CUST00333,21999.85,1222.21,2309.55,203.6,18,2025-04-03 23:59:58,69909.46,2352.47,FI,EUR
CUST00334,30786.85,3420.76,6644.43,927.3,9,2025-04-03 14:33:14,49634.79,7766.13,NO,NOK
CUST00335,7101.01,1183.5,2552.36,191.4,6,2025-04-03 16:07:37,60337.41,2704.6,DK,DKK
CUST00336,3250.1,406.26,912.09,56.76,8,2025-04-03 23:14:06,136728.4,1061.92,DK,DKK
CUST00337,74607.78,5739.06,11699.28,88.25,13,2025-04-03 21:03:30,133195.29,14239.08,SE,SEK
CUST00338,38590.69,3859.07,9567.84,395.05,10,2025-04-03 18:26:34,33985.75,9897.63,NL,EUR
CUST00339,77537.8,8615.31,14924.31,768.32,9,2025-04-03 21:08:47,8657.63,15152.89,NL,EUR
CUST00340,6105.66,763.21,1597.16,23.87,8,2025-04-03 12:21:07,8027.43,2037.2,FI,EUR
CUST00341,13288.05,1107.34,2500.94,203.53,12,2025-04-03 23:43:39,128560.09,2501.54,SE,SEK
CUST00342,92910.16,8446.38,13431.19,1325.9,11,2025-04-03 23:19:01,525.37,16593.56,NL,EUR
CUST00343,11737.51,1304.17,2327.36,729.08,9,2025-04-03 22:39:21,115228.75,2400.02,NL,EUR
CUST00344,93105.69,7758.81,16309.93,2002.92,12,2025-04-03 22:50:05,124567.64,17989.1,FI,EUR
CUST00345,34481.43,2873.45,4696.21,135.8,12,2025-04-03 17:10:46,16490.75,4704.0,DK,DKK
CUST00346,34058.8,3405.88,5958.39,1899.73,10,2025-04-03 13:46:03,7451.8,10842.1,DK,DKK
CUST00347,19451.12,1496.24,2419.89,153.46,13,2025-04-03 16:33:09,72698.33,2519.3,NL,EUR
CUST00348,81901.71,8190.17,15891.07,330.44,10,2025-04-03 23:00:37,132267.89,16193.54,NL,EUR
CUST00349,75833.44,9479.18,14274.16,1272.03,8,2025-04-03 22:59:55,45187.51,14430.5,NL,EUR
CUST00350,52030.08,5781.12,10964.16,645.05,9,2025-04-03 14:56:37,75832.07,11627.44,NO,NOK
CUST00351,20935.72,2326.19,4097.17,171.65,9,2025-04-03 21:30:56,121341.56,4398.1,DK,DKK
CUST00352,34787.27,3865.25,7314.11,734.96,9,2025-04-03 21:39:55,22391.04,7494.31,FI,EUR
CUST00353,109399.41,12155.49,14666.69,9757.7,9,2025-04-03 16:00:00,129793.8,18566.45,NL,EUR
CUST00354,75667.4,7566.74,15172.33,1442.23,10,2025-04-03 22:04:49,144892.07,16684.68,FI,EUR
CUST00355,42351.06,2117.55,3403.8,343.61,20,2025-04-03 22:10:14,29872.13,4146.04,NL,EUR
CUST00356,2326.15,387.69,502.71,208.52,6,2025-04-03 16:07:03,6574.82,610.08,DK,DKK
CUST00357,105002.78,6176.63,10726.0,682.58,17,2025-04-03 23:38:44,139329.92,11228.12,NO,NOK
CUST00358,27019.57,4503.26,7228.21,1989.91,6,2025-04-03 22:00:02,143569.66,8366.63,NO,NOK
CUST00359,12440.78,1244.08,2377.03,61.67,10,2025-04-03 22:36:41,49994.45,2737.08,FI,EUR
CUST00360,41270.54,3751.87,6873.87,1187.21,11,2025-04-03 09:56:27,137831.79,8024.58,NL,EUR
CUST00361,48827.07,4438.82,6698.91,1856.65,11,2025-04-03 13:07:59,123405.31,6746.1,NL,EUR
CUST00362,119925.67,9225.05,16632.33,1366.14,13,2025-04-03 21:45:32,80214.27,16795.47,NL,EUR
CUST00363,6458.16,922.59,1161.58,718.19,7,2025-04-03 05:21:56,97160.89,1238.78,DK,DKK
CUST00364,41610.91,2972.21,5889.25,125.13,14,2025-04-03 18:38:39,83933.59,6669.88,FI,EUR
CUST00365,22077.91,3153.99,6540.64,596.66,7,2025-04-03 15:57:37,96392.7,7475.15,SE,SEK
CUST00366,40971.87,5853.12,9073.37,1044.71,7,2025-04-03 18:56:43,91181.59,9742.76,FI,EUR
CUST00367,44713.96,5589.24,11134.49,1552.28,8,2025-04-03 23:35:08,119617.18,11293.72,DK,DKK
CUST00368,12109.66,1729.95,4405.2,104.66,7,2025-04-03 12:40:53,1251.96,4628.87,SE,SEK
CUST00369,90799.1,8254.46,16293.33,978.93,11,2025-04-03 14:00:14,33507.8,17118.9,NO,NOK
CUST00370,82655.42,4350.29,7928.13,202.53,19,2025-04-03 23:26:42,11435.11,10000.21,NL,EUR
CUST00371,47743.8,4774.38,11975.67,2839.74,10,2025-04-03 17:06:01,15456.74,12518.68,NO,NOK
CUST00372,120534.72,8609.62,14556.57,700.08,14,2025-04-03 23:59:55,85245.85,15820.37,NL,EUR
CUST00373,76530.59,6957.33,11135.7,1567.12,11,2025-04-03 18:07:30,102097.24,11257.6,NO,NOK
CUST00374,89797.86,8979.79,15181.6,1057.58,10,2025-04-03 21:13:10,128877.69,17066.95,FI,EUR
CUST00375,33950.25,4243.78,7098.52,533.41,8,2025-04-03 18:43:28,115495.44,7633.46,DK,DKK
CUST00376,88839.7,7403.31,13837.74,1740.89,12,2025-04-03 22:30:11,20515.25,13841.15,FI,EUR
CUST00377,55827.46,2938.29,4756.44,470.55,19,2025-04-03 23:08:58,27282.2,4766.97,NO,NOK
CUST00378,118118.67,6948.16,15928.95,181.56,17,2025-04-03 23:38:15,55730.56,17690.26,FI,EUR
CUST00379,32680.23,4085.03,7572.75,973.45,8,2025-04-03 18:38:32,95218.26,7623.29,NL,EUR
CUST00380,56278.85,5627.88,9868.58,1593.61,10,2025-04-03 14:44:19,145914.78,9993.8,DK,DKK
CUST00381,8740.64,1748.13,3295.69,201.18,5,2025-04-03 14:57:33,132364.12,4624.58,NL,EUR
CUST00382,49763.68,4523.97,9183.26,1141.54,11,2025-04-03 18:45:48,107736.75,9889.57,NL,EUR
CUST00383,91327.31,5707.96,11414.05,741.76,16,2025-04-03 18:45:38,24606.32,12050.78,NL,EUR
CUST00384,117308.05,6900.47,12757.9,3740.14,17,2025-04-03 22:21:06,22456.33,12933.64,NL,EUR
CUST00385,39244.94,5606.42,14074.36,296.31,7,2025-04-03 08:35:06,91175.62,16498.84,DK,DKK
CUST00386,5543.22,395.94,788.17,93.78,14,2025-04-03 22:11:44,40045.84,822.97,NL,EUR
CUST00387,2816.9,563.38,1077.93,44.68,5,2025-04-03 20:31:47,124063.87,1261.21,DK,DKK
CUST00388,152483.1,8969.59,16725.19,28.27,17,2025-04-03 20:01:44,72595.02,17559.07,SE,SEK
CUST00389,34776.32,4968.05,9649.25,254.93,7,2025-04-03 21:03:01,118538.56,9804.25,DK,DKK
CUST00390,71599.96,6509.09,11469.17,306.05,11,2025-04-03 21:38:27,131576.56,11770.75,NL,EUR
CUST00391,18466.97,1846.7,4899.71,12.97,10,2025-04-03 11:22:43,98354.65,5445.84,DK,DKK
CUST00392,60134.96,5011.25,8814.71,263.6,12,2025-04-03 23:22:13,91976.16,11320.77,FI,EUR
CUST00393,17357.55,1928.62,2422.4,1435.46,9,2025-04-03 16:10:37,116242.08,2455.43,FI,EUR
CUST00394,83335.58,4902.09,9049.69,372.38,17,2025-04-03 22:09:57,92296.79,9697.54,NL,EUR
CUST00395,77156.08,7715.61,12019.15,1736.66,10,2025-04-03 23:19:22,39832.25,12472.33,SE,SEK
CUST00396,32781.72,3278.17,5329.22,221.3,10,2025-04-03 17:26:33,9090.72,6077.13,NL,EUR
CUST00397,79352.23,9919.03,19451.63,975.53,8,2025-04-03 17:02:18,104918.24,19525.1,NL,EUR
CUST00398,48289.89,3219.33,5714.62,351.04,15,2025-04-03 15:26:11,100614.48,6047.63,FI,EUR
CUST00399,58978.57,5361.69,11073.12,1222.85,11,2025-04-03 20:10:44,144511.51,11710.68,FI,EUR
CUST00400,52805.02,6600.63,14124.28,2170.58,8,2025-04-03 20:56:08,16416.51,19155.83,NL,EUR
CUST00401,107213.3,5956.29,12656.57,191.77,18,2025-04-03 21:52:16,144925.29,13791.1,DK,DKK
CUST00402,112607.87,9383.99,18285.74,1282.45,12,2025-04-03 21:28:03,39044.05,19131.19,SE,SEK
CUST00403,22367.22,5591.8,9664.34,2766.29,4,2025-04-03 19:50:57,37614.51,9792.83,FI,EUR
CUST00404,83431.36,9270.15,15045.29,900.62,9,2025-04-03 19:19:04,27826.28,17518.48,FI,EUR
CUST00405,56157.79,8022.54,11572.57,1558.73,7,2025-04-03 19:06:45,125532.04,12469.63,NO,NOK
CUST00406,45500.09,3791.67,5759.06,1193.88,12,2025-04-03 21:39:53,93289.79,5965.2,FI,EUR
CUST00407,102853.72,7346.69,16699.3,118.52,14,2025-04-03 17:36:46,79097.45,17277.8,SE,SEK
CUST00408,53041.68,3536.11,6620.71,165.25,15,2025-04-03 21:54:01,69280.55,6846.01,NL,EUR
CUST00409,44069.37,4896.6,8246.71,1251.19,9,2025-04-03 22:11:42,39795.93,8766.89,NL,EUR
CUST00410,77200.62,7018.24,15780.63,1048.35,11,2025-04-03 20:09:31,42304.62,16179.71,DK,DKK
CUST00411,106399.03,8866.59,18009.25,1507.81,12,2025-04-03 23:32:35,22303.64,19913.45,NO,NOK
CUST00412,11475.56,882.74,1591.79,40.67,13,2025-04-03 15:10:05,117907.27,1670.71,FI,EUR
CUST00413,54572.34,3898.02,7051.97,1002.29,14,2025-04-03 18:41:00,67753.3,7210.74,SE,SEK
CUST00414,61421.14,7677.64,14780.15,1683.87,8,2025-04-03 23:03:08,30244.24,15607.52,NL,EUR
CUST00415,47012.55,5223.62,7694.88,1132.27,9,2025-04-03 22:39:09,43335.27,8393.07,NL,EUR
CUST00416,35495.41,3549.54,5774.97,850.31,10,2025-04-03 23:25:09,34618.58,5789.34,FI,EUR
CUST00417,47302.53,6757.5,12189.57,1810.74,7,2025-04-03 22:58:38,78379.89,14691.56,NL,EUR
CUST00418,25853.0,4308.83,9442.32,2312.71,6,2025-04-03 17:52:22,59858.31,10717.66,NO,NOK
CUST00419,58972.59,4914.38,8732.07,551.19,12,2025-04-03 23:59:40,23713.52,9141.63,NL,EUR
CUST00420,181576.3,10680.96,18329.4,3494.99,17,2025-04-03 21:59:24,4771.41,18729.72,NO,NOK
CUST00421,42443.86,4244.39,6246.85,1752.56,10,2025-04-03 23:51:59,26966.98,6538.4,NL,EUR
CUST00422,3789.07,378.91,684.57,116.02,10,2025-04-03 16:56:12,120803.81,705.84,NO,NOK
CUST00423,81230.52,10153.82,15252.03,2119.09,8,2025-04-03 20:22:07,70645.09,16060.31,FI,EUR
CUST00424,100048.68,11116.52,16255.68,4505.56,9,2025-04-03 23:50:42,56359.76,16654.32,NL,EUR
CUST00425,12576.45,1796.64,3072.75,1121.24,7,2025-04-03 19:55:43,93985.79,4056.94,DK,DKK
CUST00426,15991.52,1776.84,2981.57,39.51,9,2025-04-03 23:07:45,92850.55,3466.91,DK,DKK
CUST00427,3714.3,530.61,765.67,195.41,7,2025-04-03 11:02:49,42676.12,787.13,SE,SEK
CUST00428,4917.49,614.69,1515.25,88.53,8,2025-04-03 21:56:59,117965.94,1592.75,FI,EUR
CUST00429,25625.16,2562.52,4244.8,175.81,10,2025-04-03 21:25:48,27649.76,5319.66,DK,DKK
CUST00430,78969.88,9871.24,17475.71,1143.69,8,2025-04-03 12:14:23,78410.3,18756.2,SE,SEK
CUST00431,61770.78,6177.08,16815.46,434.47,10,2025-04-03 23:26:24,78378.47,17341.32,NL,EUR
CUST00432,67624.33,8453.04,18983.98,2114.81,8,2025-04-03 20:19:27,49014.77,19392.28,DK,DKK
CUST00433,37341.86,3734.19,6399.81,1459.87,10,2025-04-03 17:48:47,23671.3,7099.23,NL,EUR
CUST00434,74392.45,9299.06,14663.05,3723.53,8,2025-04-03 21:43:03,105348.56,15876.96,NO,NOK
CUST00435,32911.93,4113.99,7396.06,763.5,8,2025-04-03 00:03:14,3692.25,9963.39,NO,NOK
CUST00436,11116.62,1588.09,4960.15,143.88,7,2025-04-03 20:58:01,104707.15,5868.83,NL,EUR
CUST00437,27202.48,3886.07,7013.02,1270.69,7,2025-04-03 19:31:32,79905.05,7891.35,SE,SEK
CUST00438,61210.11,7651.26,15164.69,188.43,8,2025-04-03 20:50:12,116514.48,16471.47,FI,EUR
CUST00439,9111.77,1138.97,2438.3,286.0,8,2025-04-03 16:40:09,114977.25,2654.05,DK,DKK
CUST00440,57730.7,7216.34,11213.59,2734.32,8,2025-04-03 23:08:18,27206.5,11634.74,NO,NOK
CUST00441,4803.45,533.72,752.07,83.75,9,2025-04-03 20:46:41,105346.45,755.18,NL,EUR
CUST00442,74370.74,7437.07,14781.7,147.12,10,2025-04-03 18:51:15,120252.48,16561.04,DK,DKK
CUST00443,20746.69,2305.19,4080.06,179.2,9,2025-04-03 09:15:36,125251.25,4265.83,SE,SEK
CUST00444,27098.95,3387.37,7183.59,482.27,8,2025-04-03 21:37:54,83984.31,7480.29,NO,NOK
CUST00445,170063.38,12147.38,19722.26,1232.25,14,2025-04-03 15:33:42,118973.01,19969.45,NO,NOK
CUST00446,37441.66,4680.21,10917.52,1353.8,8,2025-04-03 21:36:41,148723.72,12364.06,NL,EUR
CUST00447,87091.19,9676.8,13618.18,551.99,9,2025-04-03 23:17:36,114973.38,14663.11,DK,DKK
CUST00448,92462.05,9246.2,16157.97,762.78,10,2025-04-03 13:09:07,20695.31,17186.55,NL,EUR
CUST00449,45184.53,2510.25,5113.53,21.27,18,2025-04-03 20:39:12,83670.3,5667.27,NL,EUR
CUST00450,116961.21,9746.77,15752.69,1080.54,12,2025-04-03 22:43:42,121755.6,15961.63,FI,EUR
CUST00451,64036.0,4269.07,7430.9,707.46,15,2025-04-03 23:27:49,123017.53,7940.15,NL,EUR
CUST00452,2561.7,512.34,1495.12,35.1,5,2025-04-03 22:09:21,62770.0,1555.5,DK,DKK
CUST00453,99500.55,11055.62,18549.33,1203.53,9,2025-04-03 20:51:09,84954.48,19435.28,NL,EUR
CUST00454,110763.7,8520.28,13951.35,1546.22,13,2025-04-03 23:28:15,33701.8,15033.64,SE,SEK
CUST00455,34531.3,5755.22,8188.53,3166.6,6,2025-04-03 13:36:45,60079.79,8208.72,SE,SEK
CUST00456,23842.82,3973.8,6587.24,1393.69,6,2025-04-03 22:13:30,149563.28,6806.53,NL,EUR
CUST00457,126987.64,10582.3,15097.5,3616.33,12,2025-04-03 16:33:29,63819.32,15508.79,DK,DKK
CUST00458,80170.31,7288.21,13009.23,553.31,11,2025-04-03 22:37:43,93665.73,15275.81,DK,DKK
CUST00459,3647.92,521.13,914.32,167.16,7,2025-04-03 16:41:39,36835.72,943.59,SE,SEK
CUST00460,57004.7,5182.25,13223.74,130.09,11,2025-04-03 19:31:45,82190.42,14053.89,NO,NOK
CUST00461,37766.82,3433.35,5565.74,1527.14,11,2025-04-03 20:11:58,7000.56,5789.99,NL,EUR
CUST00462,51375.66,4670.51,6864.7,111.18,11,2025-04-03 17:25:10,99225.74,10416.54,DK,DKK
CUST00463,7904.82,526.99,1175.16,67.3,15,2025-04-03 23:59:17,79968.32,1275.17,NL,EUR
CUST00464,46190.03,2717.06,5061.52,344.94,17,2025-04-03 20:34:41,59313.27,5105.99,DK,DKK
CUST00465,17624.45,1174.96,2034.58,165.03,15,2025-04-03 22:32:03,131862.25,2212.0,FI,EUR
CUST00466,110515.26,8501.17,18574.78,519.2,13,2025-04-03 20:10:01,130968.87,19425.47,NL,EUR
CUST00467,79619.51,7238.14,13021.15,2090.48,11,2025-04-03 18:33:59,20199.93,13926.38,NL,EUR
CUST00468,64644.86,6464.49,14501.93,362.73,10,2025-04-03 18:57:03,98606.65,14678.05,NO,NOK
CUST00469,96293.34,8024.44,12950.69,860.24,12,2025-04-03 16:48:03,66729.17,15367.73,FI,EUR
CUST00470,12188.18,870.58,1836.19,282.14,14,2025-04-03 20:54:52,85272.94,2049.77,NL,EUR
CUST00471,20651.22,1376.75,3452.56,80.21,15,2025-04-03 22:12:36,70580.14,3693.83,NL,EUR
CUST00472,19942.74,1994.27,3817.52,500.6,10,2025-04-03 23:30:42,138852.54,3953.02,SE,SEK
CUST00473,93636.2,8512.38,13362.46,1868.0,11,2025-04-03 10:40:55,130082.85,14838.97,FI,EUR
CUST00474,114560.32,11456.03,17574.35,2121.31,10,2025-04-03 18:27:16,140901.3,17616.71,NL,EUR
CUST00475,4318.58,1439.53,2527.03,718.78,3,2025-04-03 10:51:25,147582.68,8261.78,DK,DKK
CUST00476,10975.86,1097.59,1748.57,36.56,10,2025-04-03 21:49:00,63658.1,2263.6,NO,NOK
CUST00477,28819.22,4803.2,8987.76,1595.65,6,2025-04-03 12:39:38,140707.45,9346.77,NL,EUR
CUST00478,108498.77,9041.56,12575.54,344.16,12,2025-04-03 23:30:01,48949.18,12864.41,FI,EUR
CUST00479,69873.87,7763.76,14043.25,680.44,9,2025-04-03 21:54:08,109167.64,18288.93,DK,DKK
CUST00480,28319.84,3146.65,6095.36,123.04,9,2025-04-03 15:54:18,27240.58,6131.22,NO,NOK
CUST00481,81900.43,4817.67,10682.3,437.31,17,2025-04-03 23:57:18,1028.17,11098.27,NO,NOK
CUST00482,70705.3,6427.75,11474.59,981.62,11,2025-04-03 22:30:12,32922.64,12201.99,NO,NOK
CUST00483,3920.65,560.09,1020.82,110.87,7,2025-04-03 22:18:37,94481.0,1216.06,NL,EUR
CUST00484,49304.03,6163.0,11278.31,183.78,8,2025-04-03 23:07:19,50001.11,13605.76,FI,EUR
CUST00485,28661.09,4094.44,7366.28,344.95,7,2025-04-03 00:00:36,27024.18,7687.1,NL,EUR
CUST00486,69572.62,6957.26,10535.98,3707.99,10,2025-04-03 18:49:11,10206.42,10730.6,NL,EUR
CUST00487,33159.81,2550.75,5290.63,304.58,13,2025-04-03 23:57:26,85919.38,5563.37,SE,SEK
CUST00488,2871.78,220.91,440.85,32.96,13,2025-04-03 21:50:00,92336.35,530.83,NO,NOK
CUST00489,4387.62,292.51,593.22,103.03,15,2025-04-03 23:49:16,110751.52,720.3,SE,SEK
CUST00490,85602.4,5706.83,12342.72,41.53,15,2025-04-03 23:10:04,46512.0,12511.87,SE,SEK
CUST00491,164634.03,9684.35,15782.34,1431.97,17,2025-04-03 18:11:09,125156.88,17895.14,FI,EUR
CUST00492,29356.28,2258.18,4295.86,286.99,13,2025-04-03 21:58:13,139204.6,4561.12,DK,DKK
CUST00493,12896.15,2149.36,3047.41,766.51,6,2025-04-03 21:30:26,42428.77,4153.89,NO,NOK
CUST00494,43041.68,4782.41,8250.31,1434.73,9,2025-04-03 16:08:20,106621.08,9312.17,FI,EUR
CUST00495,12397.08,1549.64,2904.17,666.09,8,2025-04-03 23:26:02,26664.41,3504.52,FI,EUR
CUST00496,36419.09,3641.91,6940.45,137.74,10,2025-04-03 22:03:00,46898.63,9457.68,NL,EUR
CUST00497,6452.67,537.72,925.83,72.17,12,2025-04-03 19:33:18,139884.43,938.37,FI,EUR
CUST00498,16979.98,1306.15,3238.11,17.24,13,2025-04-03 18:03:35,29285.57,3411.75,NO,NOK
CUST00499,23643.88,1576.26,3238.98,152.36,15,2025-04-03 20:03:48,84164.05,3260.36,NL,EUR
CUST00500,9266.01,1029.56,2361.84,155.13,9,2025-04-03 22:57:00,11150.81,2565.57,NO,NOK
CUST00501,55354.07,6150.45,10929.86,1641.83,9,2025-04-03 22:40:03,27257.96,14401.52,DK,DKK
CUST00502,61202.2,4371.59,9119.57,265.08,14,2025-04-03 22:05:21,20203.39,9675.64,NL,EUR
CUST00503,43720.02,5465.0,8602.81,2395.56,8,2025-04-03 19:03:47,136972.81,9339.02,FI,EUR
CUST00504,61389.27,6821.03,14848.42,645.81,9,2025-04-03 22:53:48,53040.4,16442.28,SE,SEK
CUST00505,66710.69,6064.61,10097.61,504.34,11,2025-04-03 12:33:44,118968.43,11185.01,SE,SEK
CUST00506,20863.49,2086.35,3860.23,80.67,10,2025-04-03 15:14:11,31631.6,3875.17,FI,EUR
CUST00507,60625.39,4041.69,6283.33,1729.86,15,2025-04-03 20:38:18,89028.39,6506.7,SE,SEK
CUST00508,15395.23,962.2,2246.04,36.97,16,2025-04-03 23:13:22,102983.55,2265.39,SE,SEK
CUST00509,33135.37,5522.56,8881.14,340.46,6,2025-04-03 22:42:06,113683.12,9219.62,SE,SEK
CUST00510,3366.2,374.02,644.37,43.12,9,2025-04-03 20:28:39,119254.83,658.33,NL,EUR
CUST00511,14300.9,3575.23,6486.92,1185.79,4,2025-04-03 08:11:27,9830.38,17380.75,FI,EUR
CUST00512,33507.65,2577.51,4616.93,53.06,13,2025-04-03 22:11:25,59443.11,4618.71,NL,EUR
CUST00513,76054.89,6337.91,10619.73,161.16,12,2025-04-03 14:05:19,83535.53,13143.59,NO,NOK
CUST00514,167037.93,9279.88,18508.72,891.9,18,2025-04-03 20:46:44,146258.77,18641.06,DK,DKK
CUST00515,84426.71,6494.36,11845.89,902.33,13,2025-04-03 10:29:01,63906.64,12289.18,NL,EUR
CUST00516,62051.04,6894.56,11081.48,1566.6,9,2025-04-03 23:33:31,106963.43,11578.92,NO,NOK
CUST00517,48516.2,5390.69,9627.69,99.4,9,2025-04-03 21:57:20,144279.79,10705.46,DK,DKK
CUST00518,42434.71,7072.45,10500.66,3835.95,6,2025-04-03 18:44:02,94784.1,10933.15,DK,DKK
CUST00519,95001.51,6785.82,13660.18,1127.28,14,2025-04-03 22:59:16,135955.23,14053.5,NL,EUR
CUST00520,48412.8,8068.8,16141.59,2432.5,6,2025-04-03 21:07:00,39436.25,16273.47,NL,EUR
CUST00521,12073.12,3018.28,4743.52,1841.66,4,2025-04-03 20:37:11,12835.27,5866.73,DK,DKK
CUST00522,14491.13,2415.19,3624.42,639.66,6,2025-04-03 14:16:20,90771.32,5594.43,SE,SEK
CUST00523,98796.58,8981.51,14982.59,2193.14,11,2025-04-03 20:47:48,129371.16,15522.17,NL,EUR
CUST00524,14519.89,725.99,1461.1,81.39,20,2025-04-03 23:31:53,32023.08,1524.2,NO,NOK
CUST00525,57776.06,6419.56,10302.16,769.48,9,2025-04-03 23:42:40,71701.8,10843.62,FI,EUR
CUST00526,47123.91,4712.39,10545.79,1384.47,10,2025-04-03 16:01:01,57609.61,12404.47,DK,DKK
CUST00527,93192.62,7766.05,14609.51,200.54,12,2025-04-03 18:15:32,120446.3,14819.11,FI,EUR
CUST00528,3436.39,381.82,724.24,61.67,9,2025-04-03 18:03:41,101818.86,733.25,FI,EUR
CUST00529,14727.41,1472.74,2277.58,70.05,10,2025-04-03 14:55:25,53051.7,2292.86,DK,DKK
CUST00530,61097.89,6788.65,10434.08,205.72,9,2025-04-03 19:43:26,106357.23,16162.4,SE,SEK
CUST00531,95666.47,7358.96,14441.08,96.1,13,2025-04-03 19:12:06,38373.69,15502.5,NO,NOK
CUST00532,113953.64,11395.36,18684.18,2738.67,10,2025-04-03 23:19:16,41954.48,19134.31,SE,SEK
CUST00533,21232.21,1327.01,2550.22,88.65,16,2025-04-03 23:51:53,74012.41,2614.39,SE,SEK
CUST00534,8288.75,920.97,1745.08,57.12,9,2025-04-03 20:26:46,96679.06,1873.04,NL,EUR
CUST00535,56685.31,6298.37,15409.51,1113.49,9,2025-04-03 17:33:04,22753.71,18140.04,DK,DKK
CUST00536,8582.51,1072.81,2105.99,93.35,8,2025-04-03 19:13:18,71981.84,2863.47,DK,DKK
CUST00537,88245.43,6788.11,14420.56,199.94,13,2025-04-03 21:49:02,60391.91,15328.84,FI,EUR
CUST00538,20641.21,5160.3,9946.89,66.02,4,2025-04-03 22:58:58,6380.01,9986.82,NL,EUR
CUST00539,42587.22,8517.44,11175.11,4879.6,5,2025-04-03 13:58:06,29367.36,13046.45,SE,SEK
CUST00540,73782.95,8198.11,15144.66,385.28,9,2025-04-03 23:29:11,6037.88,16238.52,SE,SEK
CUST00541,52733.71,6591.71,12086.59,1767.21,8,2025-04-03 23:31:39,22768.57,13249.71,NL,EUR
CUST00542,48457.3,4845.73,8085.36,513.52,10,2025-04-03 21:30:04,105343.87,9395.6,NO,NOK
CUST00543,35926.4,3991.82,5772.78,2187.23,9,2025-04-03 20:38:39,17569.86,6822.58,SE,SEK
CUST00544,32846.55,3284.66,5196.51,199.75,10,2025-04-03 08:32:11,125545.85,5840.92,FI,EUR
CUST00545,50689.77,4608.16,5979.63,1711.88,11,2025-04-03 23:46:56,83234.46,7834.56,FI,EUR
CUST00546,102708.3,7336.31,13289.46,1031.29,14,2025-04-03 23:07:20,1449.26,14000.99,SE,SEK
CUST00547,109050.78,7789.34,11536.45,596.55,14,2025-04-03 11:36:54,78701.49,12434.97,FI,EUR
CUST00548,89311.73,5581.98,10033.8,88.49,16,2025-04-03 22:58:57,1183.22,10397.04,DK,DKK
CUST00549,104907.53,8069.81,13116.82,1421.38,13,2025-04-03 23:19:58,29460.99,13567.78,SE,SEK
CUST00550,110001.36,10000.12,18041.61,22.52,11,2025-04-03 23:27:01,43117.15,18534.8,FI,EUR
CUST00551,17686.7,2526.67,4112.26,1181.76,7,2025-04-03 17:29:44,77478.11,4986.23,DK,DKK
CUST00552,15218.85,951.18,1494.39,187.99,16,2025-04-03 22:18:54,35949.2,1559.62,SE,SEK
CUST00553,228607.86,11430.39,19134.07,1656.0,20,2025-04-03 23:32:49,68521.14,19523.34,NL,EUR
CUST00554,62826.01,4832.77,8576.06,291.0,13,2025-04-03 19:01:28,103985.47,8655.36,SE,SEK
CUST00555,66415.77,4743.98,8867.27,1218.28,14,2025-04-03 17:31:22,23939.82,10039.66,NL,EUR
CUST00556,31348.17,3134.82,10735.56,687.99,10,2025-04-03 22:00:23,42236.05,11799.61,DK,DKK
CUST00557,26099.65,3262.46,7709.13,721.82,8,2025-04-03 21:17:32,62956.89,9845.75,SE,SEK
CUST00558,20090.91,4018.18,6556.32,672.71,5,2025-04-03 05:29:31,12922.18,7488.91,NO,NOK
CUST00559,76530.89,9566.36,14112.96,3266.99,8,2025-04-03 18:08:49,100520.82,15550.78,DK,DKK
CUST00560,53148.47,4088.34,7202.89,221.44,13,2025-04-03 21:49:00,105733.36,8805.09,DK,DKK
CUST00561,66430.28,7381.14,15280.31,1828.06,9,2025-04-03 08:50:34,119274.57,17815.57,NL,EUR
CUST00562,14620.81,1624.53,2928.3,54.4,9,2025-04-03 22:20:58,93060.45,3198.91,DK,DKK
CUST00563,34182.39,3418.24,7497.15,563.73,10,2025-04-03 14:13:58,97531.24,10319.54,SE,SEK
CUST00564,61800.93,6866.77,11517.58,634.97,9,2025-04-03 19:11:32,56235.66,13727.01,SE,SEK
CUST00565,113535.78,8109.7,17828.47,2071.38,14,2025-04-03 23:24:39,55537.8,18009.94,NL,EUR
CUST00566,100969.3,10096.93,17922.94,1423.66,10,2025-04-03 18:59:06,41753.44,19066.04,NO,NOK
CUST00567,19831.38,2478.92,6022.21,20.16,8,2025-04-03 22:16:47,139792.36,6184.58,NL,EUR
CUST00568,27522.49,1965.89,2989.12,378.9,14,2025-04-03 17:17:49,96878.47,3073.11,NL,EUR
CUST00569,75031.6,9378.95,18230.09,260.56,8,2025-04-03 21:55:48,72894.35,19146.17,NO,NOK
CUST00570,3961.85,565.98,1074.6,43.06,7,2025-04-03 14:32:57,43144.36,1302.45,NL,EUR
CUST00571,12040.74,1094.61,2619.17,186.71,11,2025-04-03 10:22:42,39430.88,3384.91,DK,DKK
CUST00572,152146.12,8007.69,18521.5,65.56,19,2025-04-03 23:21:41,45583.19,18592.32,NL,EUR
CUST00573,48817.89,6973.98,12983.14,556.72,7,2025-04-03 21:46:26,146352.35,13504.31,NL,EUR
CUST00574,65600.78,5466.73,10334.67,1119.9,12,2025-04-03 14:49:36,109880.26,12541.68,SE,SEK
CUST00575,6962.92,1160.49,2093.61,551.42,6,2025-04-03 21:09:47,49291.79,4316.46,SE,SEK
CUST00576,110565.73,11056.57,18813.73,292.28,10,2025-04-03 23:46:43,146388.01,18896.34,SE,SEK
CUST00577,94485.98,7873.83,16563.53,528.14,12,2025-04-03 20:19:28,55759.68,17548.88,DK,DKK
CUST00578,17751.51,2218.94,3067.46,1339.53,8,2025-04-03 22:25:08,111358.39,3221.57,DK,DKK
CUST00579,47391.28,5265.7,12871.55,396.29,9,2025-04-03 18:45:57,31563.68,12956.72,NO,NOK
CUST00580,80899.27,7354.48,10936.75,882.32,11,2025-04-03 23:57:59,69586.93,11300.41,NL,EUR
CUST00581,43649.01,3637.42,5568.47,18.2,12,2025-04-03 16:52:37,74368.02,5622.2,FI,EUR
CUST00582,83861.66,6988.47,12102.4,382.77,12,2025-04-03 23:59:24,62864.94,12178.38,FI,EUR
CUST00583,63564.95,3531.39,7121.61,118.82,18,2025-04-03 22:37:26,65692.24,7777.44,NL,EUR
CUST00584,45368.28,3780.69,5787.56,109.42,12,2025-04-03 20:49:30,87457.35,5817.07,NO,NOK
CUST00585,39324.51,4915.56,14110.29,110.54,8,2025-04-03 09:07:24,44103.78,15176.26,FI,EUR
CUST00586,13347.27,1668.41,2778.48,655.85,8,2025-04-03 23:21:12,41083.12,3170.51,FI,EUR
CUST00587,127297.68,7072.09,16007.05,445.25,18,2025-04-03 20:00:54,51376.81,16715.68,DK,DKK
CUST00588,128635.85,7566.81,15466.97,440.49,17,2025-04-03 21:55:43,126987.43,16467.47,NL,EUR
CUST00589,25986.27,2165.52,4462.08,430.09,12,2025-04-03 23:07:27,103812.08,4835.98,FI,EUR
CUST00590,49937.13,7133.88,12995.15,3560.37,7,2025-04-03 15:38:24,31871.23,15268.01,NO,NOK
CUST00591,45461.03,7576.84,12299.99,2120.17,6,2025-04-03 12:01:13,119061.75,13517.94,SE,SEK
CUST00592,65028.21,8128.53,15521.94,202.21,8,2025-04-03 22:44:10,88346.66,16994.3,NO,NOK
CUST00593,61558.32,5596.21,11057.85,1592.77,11,2025-04-03 23:22:02,24503.32,15383.26,FI,EUR
CUST00594,27365.29,2280.44,3975.37,49.15,12,2025-04-03 15:08:03,144657.44,4109.95,NO,NOK
CUST00595,14291.6,2041.66,2882.55,512.99,7,2025-04-03 22:19:18,63901.73,2910.5,DK,DKK
CUST00596,7944.2,993.02,2105.92,118.95,8,2025-04-03 10:11:41,114459.92,2756.59,DK,DKK
CUST00597,25597.96,2559.8,3875.75,275.43,10,2025-04-03 20:21:38,103213.46,4181.31,FI,EUR
CUST00598,14177.68,3544.42,5695.83,2073.52,4,2025-04-03 16:31:54,27304.94,8312.17,FI,EUR
CUST00599,17111.91,1711.19,2631.15,612.13,10,2025-04-03 22:59:48,10174.21,2893.86,NO,NOK
CUST00600,110960.67,9246.72,19659.95,471.97,12,2025-04-03 22:54:46,89250.67,19756.7,NL,EUR
CUST00601,5388.33,538.83,954.98,128.36,10,2025-04-03 14:11:00,16651.48,1079.61,DK,DKK
CUST00602,89570.92,11196.36,15123.3,6038.19,8,2025-04-03 15:54:57,145824.85,15323.34,SE,SEK
CUST00603,34200.16,5700.03,9504.59,38.47,6,2025-04-03 23:58:37,44387.66,11159.09,NO,NOK
CUST00604,89447.86,7453.99,10067.49,3499.62,12,2025-04-03 17:17:59,67792.27,11355.0,DK,DKK
CUST00605,75175.84,7517.58,12274.7,1898.77,10,2025-04-03 22:55:32,20605.99,13371.53,DK,DKK
CUST00606,106098.85,9645.35,17225.64,228.7,11,2025-04-03 22:09:19,84557.18,19431.98,DK,DKK
CUST00607,4051.63,506.45,969.0,39.78,8,2025-04-03 21:59:38,9682.88,1024.55,FI,EUR
CUST00608,24437.3,3491.04,4610.9,1055.08,7,2025-04-03 22:20:21,52098.88,5075.13,DK,DKK
CUST00609,45970.16,5746.27,8857.45,1184.55,8,2025-04-03 23:22:14,130406.52,9487.73,SE,SEK
CUST00610,53462.45,5346.24,10858.2,22.74,10,2025-04-03 22:52:38,40359.52,11621.89,DK,DKK
CUST00611,16582.44,1658.24,3540.33,312.16,10,2025-04-03 19:42:58,15458.47,3749.23,DK,DKK
CUST00612,28461.87,3557.73,5439.58,1161.15,8,2025-04-03 23:08:52,74794.28,6297.75,NO,NOK
CUST00613,4767.65,1191.91,1780.33,755.13,4,2025-04-03 06:12:26,111561.76,1811.76,NL,EUR
CUST00614,50741.93,3903.23,6107.21,258.82,13,2025-04-03 21:20:24,52423.81,6610.38,NO,NOK
CUST00615,76179.15,6348.26,11791.48,141.23,12,2025-04-03 22:01:56,77547.7,13385.72,NL,EUR
CUST00616,54617.95,4965.27,9190.24,57.75,11,2025-04-03 19:17:19,121435.56,9518.49,NL,EUR
CUST00617,53610.86,8935.14,16518.36,1622.25,6,2025-04-03 18:55:25,126696.24,16562.36,FI,EUR
CUST00618,84987.19,4999.25,9295.19,95.75,17,2025-04-03 21:01:19,35801.41,9551.11,NL,EUR
CUST00619,92638.59,9263.86,12667.98,5455.65,10,2025-04-03 18:54:34,30697.58,13344.08,SE,SEK
CUST00620,97442.4,9744.24,16660.61,2605.96,10,2025-04-03 23:40:08,117443.94,17987.08,DK,DKK
CUST00621,35217.29,2347.82,4919.35,114.28,15,2025-04-03 22:48:50,35788.15,5142.5,NO,NOK
CUST00622,10257.5,1282.19,2806.57,70.58,8,2025-04-03 15:52:23,110716.83,4675.12,NL,EUR
CUST00623,30867.14,3858.39,6447.28,1126.8,8,2025-04-03 22:17:27,129503.54,6671.55,FI,EUR
CUST00624,11611.55,611.13,899.17,87.17,19,2025-04-03 20:54:44,144515.64,910.95,NO,NOK
CUST00625,141399.26,8317.6,17840.99,563.09,17,2025-04-03 18:46:00,103757.03,18111.56,SE,SEK
CUST00626,142588.11,12962.56,17129.57,8893.16,11,2025-04-03 20:51:10,58576.42,18359.87,DK,DKK
CUST00627,48221.0,6027.62,10984.03,38.24,8,2025-04-03 23:55:00,130033.47,14489.03,FI,EUR
CUST00628,84231.65,9359.07,14051.29,1135.33,9,2025-04-03 20:05:16,76197.01,15358.52,FI,EUR
CUST00629,17587.78,2512.54,3554.07,867.61,7,2025-04-03 16:37:56,959.83,3577.54,NO,NOK
CUST00630,69585.2,7731.69,14906.53,1050.18,9,2025-04-03 22:43:24,119000.02,16621.99,DK,DKK
CUST00631,42686.54,3880.59,8663.89,72.9,11,2025-04-03 23:29:23,55456.13,12719.23,DK,DKK
CUST00632,16144.77,896.93,2055.83,99.07,18,2025-04-03 23:05:57,105338.54,2236.69,FI,EUR
CUST00633,21154.05,2350.45,4019.16,241.98,9,2025-04-03 14:03:22,2610.18,4215.61,SE,SEK
CUST00634,54488.24,3892.02,7705.38,727.42,14,2025-04-03 21:27:54,57619.99,8657.45,DK,DKK
CUST00635,18780.84,1173.8,2055.12,130.23,16,2025-04-03 21:57:37,146431.16,2171.9,FI,EUR
CUST00636,4733.59,525.95,1306.47,34.93,9,2025-04-03 23:45:54,103184.44,1924.58,DK,DKK
CUST00637,63103.82,3943.99,6089.92,484.4,16,2025-04-03 21:10:44,139694.16,6398.89,FI,EUR
CUST00638,13630.1,1514.46,2946.56,378.8,9,2025-04-03 18:55:09,6648.19,3072.43,NL,EUR
CUST00639,53950.29,7707.18,13917.34,217.08,7,2025-04-03 15:30:03,39430.7,15082.56,NO,NOK
CUST00640,32600.16,2716.68,6043.21,250.36,12,2025-04-03 20:55:54,124523.58,6653.09,NL,EUR
CUST00641,14577.92,1822.24,3615.54,254.13,8,2025-04-03 20:53:16,8456.72,3689.32,DK,DKK
CUST00642,13841.81,1384.18,2719.11,71.97,10,2025-04-03 14:45:12,6598.36,2911.26,DK,DKK
CUST00643,69402.23,6309.29,9075.37,2784.58,11,2025-04-03 21:35:03,125325.57,10757.3,NO,NOK
CUST00644,173566.79,9135.09,17030.47,28.03,19,2025-04-03 22:47:43,37300.54,18618.39,SE,SEK
CUST00645,31739.44,2441.5,6507.01,191.83,13,2025-04-03 15:54:21,12618.95,6923.82,SE,SEK
CUST00646,83528.14,5966.3,10676.28,332.01,14,2025-04-03 20:55:15,142139.05,15004.1,FI,EUR
CUST00647,25468.1,2122.34,3263.8,214.22,12,2025-04-03 14:07:35,60129.35,3677.34,SE,SEK
CUST00648,26880.07,2240.01,3988.85,375.23,12,2025-04-03 22:27:28,18530.0,4397.49,NO,NOK
CUST00649,82010.33,6308.49,11720.49,143.11,13,2025-04-03 23:01:13,84677.03,12798.38,FI,EUR
CUST00650,82840.84,5177.55,12288.16,293.07,16,2025-04-03 16:33:01,146004.13,12776.41,FI,EUR
CUST00651,86484.48,9609.39,16581.06,445.92,9,2025-04-03 19:21:33,65884.65,16909.99,DK,DKK
CUST00652,32623.11,4660.44,11870.79,1528.82,7,2025-04-03 06:22:45,7635.38,13386.68,NL,EUR
CUST00653,58644.99,7330.62,16541.78,879.57,8,2025-04-03 22:25:58,88042.4,16936.74,FI,EUR
CUST00654,19580.86,2797.27,5757.52,894.35,7,2025-04-03 21:41:51,47434.98,7156.02,FI,EUR
CUST00655,3587.38,256.24,610.47,14.43,14,2025-04-03 07:38:36,112180.88,614.02,SE,SEK
CUST00656,116272.88,8944.07,15092.66,2950.4,13,2025-04-03 23:13:26,69294.37,16190.49,DK,DKK
CUST00657,76498.45,5464.18,9533.84,504.92,14,2025-04-03 19:50:24,29024.91,9881.79,SE,SEK
CUST00658,36045.01,5149.29,8683.1,2132.33,7,2025-04-03 19:20:54,29041.71,18097.1,NL,EUR
CUST00659,6140.49,767.56,1266.58,42.34,8,2025-04-03 14:11:32,129039.57,1492.98,SE,SEK
CUST00660,110751.34,6152.85,9806.43,1170.66,18,2025-04-03 21:12:17,146933.3,9978.97,DK,DKK
CUST00661,9702.43,808.54,1688.23,54.82,12,2025-04-03 23:06:07,35169.92,1738.46,DK,DKK
CUST00662,92733.29,7727.77,12514.71,871.37,12,2025-04-03 18:38:02,93593.16,14661.08,DK,DKK
CUST00663,107785.51,7698.96,14164.34,2130.81,14,2025-04-03 23:37:09,76391.57,14598.4,NO,NOK
CUST00664,21430.71,3061.53,6456.36,30.7,7,2025-04-03 23:51:37,119497.91,13507.6,FI,EUR
CUST00665,34047.99,6809.6,18586.68,847.07,5,2025-04-03 20:58:23,91059.48,19985.59,NO,NOK
CUST00666,52294.61,3076.15,4890.51,623.49,17,2025-04-03 21:32:03,26619.86,4920.46,NO,NOK
CUST00667,23718.14,5929.54,8473.77,2844.2,4,2025-04-03 22:40:05,149052.59,12283.64,FI,EUR
CUST00668,40587.57,4509.73,9978.35,195.45,9,2025-04-03 23:16:15,144415.74,10392.46,DK,DKK
CUST00669,16744.73,1395.39,3362.8,333.21,12,2025-04-03 18:34:25,23976.37,3508.77,FI,EUR
CUST00670,25738.59,1715.91,3780.07,242.76,15,2025-04-03 20:42:23,127364.97,3839.61,SE,SEK
CUST00671,92830.95,8439.18,15130.83,531.6,11,2025-04-03 09:07:08,54416.19,16134.49,DK,DKK
CUST00672,67844.02,7538.22,18141.85,757.92,9,2025-04-03 21:03:01,119293.8,18901.04,NL,EUR
CUST00673,126916.48,7465.68,17763.36,467.83,17,2025-04-03 18:22:27,147300.77,18098.97,DK,DKK
CUST00674,102478.03,9316.18,14986.1,939.26,11,2025-04-03 23:00:22,60599.42,16626.57,DK,DKK
CUST00675,88933.84,7411.15,14114.19,948.79,12,2025-04-03 23:34:39,67205.26,15620.31,DK,DKK
CUST00676,41298.74,5162.34,7292.1,3371.7,8,2025-04-03 18:12:02,50506.69,11259.82,NL,EUR
CUST00677,116784.11,8341.72,13087.61,1575.48,14,2025-04-03 19:45:31,4001.55,14773.73,NO,NOK
CUST00678,103063.98,9369.45,15970.78,501.26,11,2025-04-03 22:32:19,53493.77,16205.06,NL,EUR
CUST00679,46905.08,6700.73,12468.96,239.34,7,2025-04-03 13:44:06,126752.12,13612.46,NL,EUR
CUST00680,80849.16,6737.43,16354.66,349.68,12,2025-04-03 20:42:46,16231.42,16654.53,NO,NOK
CUST00681,39397.93,2814.14,5499.53,67.55,14,2025-04-03 23:59:33,133332.14,8353.7,DK,DKK
CUST00682,137092.67,8064.27,16469.75,37.22,17,2025-04-03 22:47:17,87853.41,16564.33,FI,EUR
CUST00683,93938.47,11742.31,16833.69,5998.52,8,2025-04-03 22:58:21,106817.01,18909.36,DK,DKK
CUST00684,132188.01,10168.31,19772.56,2475.99,13,2025-04-03 21:52:37,16995.26,19824.89,DK,DKK
CUST00685,32050.93,2136.73,3991.67,119.2,15,2025-04-03 22:19:57,118784.95,4070.0,SE,SEK
CUST00686,37302.01,4662.75,8463.36,535.17,8,2025-04-03 23:20:43,52623.02,9321.3,NL,EUR
CUST00687,20712.47,1726.04,3123.21,129.57,12,2025-04-03 23:36:19,20355.04,3405.16,NL,EUR
CUST00688,123592.73,7270.16,13846.42,209.73,17,2025-04-03 22:08:04,61739.43,14850.3,NL,EUR
CUST00689,28680.99,2048.64,3811.91,440.22,14,2025-04-03 20:15:00,86013.22,4252.32,SE,SEK
CUST00690,18528.58,1235.24,3818.4,40.56,15,2025-04-03 21:32:53,143615.27,4005.0,SE,SEK
CUST00691,63965.48,4568.96,8262.15,219.44,14,2025-04-03 19:50:08,124538.74,10083.72,NO,NOK
CUST00692,41983.91,4664.88,9682.76,881.62,9,2025-04-03 22:01:10,62533.0,11064.7,NO,NOK
CUST00693,23202.4,2109.31,3269.57,888.47,11,2025-04-03 13:47:45,115361.55,4038.43,FI,EUR
CUST00694,56015.0,6223.89,14411.94,463.15,9,2025-04-03 17:03:00,48346.2,15166.61,SE,SEK
CUST00695,12110.04,865.0,1725.03,84.27,14,2025-04-03 23:40:58,112982.3,1776.44,NL,EUR
CUST00696,52445.27,6555.66,12110.95,350.87,8,2025-04-03 15:54:56,137103.4,13205.24,NO,NOK
CUST00697,57383.03,6375.89,13783.17,20.3,9,2025-04-03 23:46:28,67174.35,15749.46,DK,DKK
CUST00698,2068.86,344.81,449.18,118.58,6,2025-04-03 13:25:19,6747.92,510.59,DK,DKK
CUST00699,76441.43,5460.1,11191.37,351.12,14,2025-04-03 14:31:11,126003.41,11480.09,FI,EUR
CUST00700,103842.66,7417.33,16583.3,679.13,14,2025-04-03 22:58:53,124659.47,17736.67,SE,SEK
CUST00701,2409.92,267.77,677.84,29.66,9,2025-04-03 23:02:37,41315.46,809.56,DK,DKK
CUST00702,98883.53,7063.11,15222.0,727.58,14,2025-04-03 22:08:44,1139.75,15368.07,DK,DKK
CUST00703,15194.92,1688.32,2915.67,117.36,9,2025-04-03 18:36:52,81028.07,2932.9,SE,SEK
CUST00704,84145.67,8414.57,11963.52,2825.19,10,2025-04-03 22:58:44,33617.35,12692.11,SE,SEK
CUST00705,16904.77,1408.73,2391.59,30.7,12,2025-04-03 18:30:48,6001.01,2663.46,FI,EUR
CUST00706,139467.6,6641.31,14823.8,693.74,21,2025-04-03 18:17:15,25986.33,15046.48,DK,DKK
CUST00707,52983.0,5298.3,11698.66,175.5,10,2025-04-03 22:48:30,132209.96,12481.9,NO,NOK
CUST00708,68525.09,4894.65,8745.49,262.95,14,2025-04-03 23:25:15,96324.46,9598.44,DK,DKK
CUST00709,18477.35,1847.74,3993.83,249.07,10,2025-04-03 23:33:35,7521.21,4294.86,NO,NOK
CUST00710,4440.1,555.01,960.77,66.33,8,2025-04-03 15:59:39,146725.29,1043.52,NO,NOK
CUST00711,143878.54,9591.9,16232.82,2656.26,15,2025-04-03 18:09:38,126155.88,16521.86,FI,EUR
CUST00712,57110.23,9518.37,18640.26,2818.7,6,2025-04-03 20:51:40,93125.2,19503.25,NL,EUR
CUST00713,7285.07,910.63,1550.35,168.57,8,2025-04-03 13:19:30,117505.61,1782.91,SE,SEK
CUST00714,74392.36,6762.94,14500.98,432.84,11,2025-04-03 16:23:49,127564.43,15855.76,FI,EUR
CUST00715,44699.1,4063.55,11042.34,102.14,11,2025-04-03 19:03:18,69899.26,11962.36,DK,DKK
CUST00716,34660.66,3851.18,6836.5,954.45,9,2025-04-03 22:09:04,107138.26,7430.13,NL,EUR
CUST00717,52595.7,5259.57,10468.61,1879.31,10,2025-04-03 22:47:01,36851.3,10505.95,NO,NOK
CUST00718,83519.62,5567.97,9428.61,148.49,15,2025-04-03 20:34:03,116436.6,10594.77,NL,EUR
CUST00719,69884.73,7764.97,14028.46,728.6,9,2025-04-03 23:11:23,122967.98,15812.64,NL,EUR
CUST00720,130312.49,7665.44,18933.48,487.7,17,2025-04-03 21:10:43,104369.85,19279.77,DK,DKK
CUST00721,39368.68,6561.45,9305.35,4936.94,6,2025-04-03 08:45:55,24760.86,9597.47,FI,EUR
CUST00722,31798.99,4542.71,6788.91,1940.16,7,2025-04-03 18:12:24,121187.06,7574.93,FI,EUR
CUST00723,22447.03,2494.11,3990.43,559.21,9,2025-04-03 22:12:31,17720.8,4382.9,NL,EUR
CUST00724,51373.13,8562.19,14988.19,457.47,6,2025-04-03 23:03:02,107966.08,18257.65,FI,EUR
CUST00725,81371.61,7397.42,13130.65,221.67,11,2025-04-03 03:09:04,51088.3,13387.72,SE,SEK
CUST00726,100259.83,8354.99,11751.91,3720.47,12,2025-04-03 13:39:58,18214.75,12191.21,SE,SEK
CUST00727,86856.53,7238.04,15758.75,290.83,12,2025-04-03 20:38:01,28770.77,17520.6,NL,EUR
CUST00728,62793.0,6977.0,13174.75,28.03,9,2025-04-03 14:13:33,109231.13,15150.51,NO,NOK
CUST00729,43105.19,5388.15,8858.94,1913.82,8,2025-04-03 21:03:54,69907.96,9738.28,NL,EUR
CUST00730,13706.32,1958.05,3509.23,96.04,7,2025-04-03 23:59:41,97635.72,4762.58,NL,EUR
CUST00731,11082.35,2770.59,6108.62,987.68,4,2025-04-02 17:04:57,140357.09,6253.44,NO,NOK
CUST00732,76273.15,8474.79,13029.81,3562.34,9,2025-04-03 22:53:23,6650.87,16187.84,NL,EUR
CUST00733,21710.16,2412.24,5706.02,244.26,9,2025-04-03 15:59:05,27345.08,6243.1,SE,SEK
CUST00734,38642.32,4293.59,10346.46,612.75,9,2025-04-03 22:06:50,117988.06,11147.51,SE,SEK
CUST00735,118750.95,11875.1,17955.27,3293.93,10,2025-04-03 22:08:35,37878.53,18291.46,FI,EUR
CUST00736,24566.26,3070.78,4911.4,796.93,8,2025-04-03 19:47:53,117577.67,4925.06,FI,EUR
CUST00737,49072.17,4089.35,8291.04,898.4,12,2025-04-03 22:35:32,88257.04,8861.46,NL,EUR
CUST00738,64368.02,5364.0,9775.44,1247.19,12,2025-04-03 23:05:30,128015.15,10246.1,DK,DKK
CUST00739,60733.82,5061.15,11299.67,1256.84,12,2025-04-03 12:49:57,64145.04,11567.76,DK,DKK
CUST00740,40691.19,4521.24,9300.9,1210.08,9,2025-04-03 11:08:19,85444.54,9758.16,FI,EUR
CUST00741,85643.27,7136.94,9883.35,2821.92,12,2025-04-03 23:43:07,14439.61,10027.96,FI,EUR
CUST00742,46731.94,5841.49,10020.91,198.86,8,2025-04-03 19:11:36,42930.73,10611.37,DK,DKK
CUST00743,40980.06,3725.46,7635.89,55.53,11,2025-04-03 23:46:33,23976.8,8085.36,DK,DKK
CUST00744,93112.59,7162.51,12608.95,959.56,13,2025-04-03 23:38:15,65114.0,14477.05,FI,EUR
CUST00745,101750.71,7826.98,16965.32,591.58,13,2025-04-03 17:45:02,148667.22,17645.17,SE,SEK
CUST00746,19215.26,3843.05,7811.42,21.66,5,2025-04-03 17:48:18,110724.96,8126.26,SE,SEK
CUST00747,114965.57,7664.37,13908.48,320.39,15,2025-04-03 20:45:55,135044.71,14121.18,NO,NOK
CUST00748,54942.86,5494.29,10099.2,1127.73,10,2025-04-03 23:05:24,36334.44,14111.86,SE,SEK
CUST00749,58343.29,3241.29,5346.06,103.43,18,2025-04-03 16:27:49,18623.98,5428.95,NL,EUR
CUST00750,35293.47,3921.5,7587.26,524.38,9,2025-04-03 23:23:49,11442.73,8235.15,SE,SEK
CUST00751,92026.83,6573.34,13011.26,1309.87,14,2025-04-03 22:01:27,49403.0,13311.94,NO,NOK
CUST00752,80291.05,6690.92,14818.83,739.62,12,2025-04-03 21:18:07,126313.6,14958.21,FI,EUR
CUST00753,102521.96,12815.24,16406.03,9163.53,8,2025-04-03 21:50:42,101768.78,17907.41,SE,SEK
CUST00754,2139.66,267.46,549.11,16.45,8,2025-04-03 20:57:43,125556.92,590.98,SE,SEK
CUST00755,11401.8,1266.87,3223.74,67.64,9,2025-04-03 22:52:47,136359.08,7073.77,FI,EUR
CUST00756,59244.96,7405.62,15080.65,1692.34,8,2025-04-03 18:05:46,119640.16,16404.67,SE,SEK
CUST00757,21295.86,2366.21,3615.51,733.64,9,2025-04-03 06:01:16,93888.67,3885.62,NO,NOK
CUST00758,4612.78,576.6,1063.88,238.09,8,2025-04-03 18:08:52,32308.81,1356.81,DK,DKK
CUST00759,87715.9,6747.38,12118.85,229.92,13,2025-04-03 22:48:02,75186.62,12197.41,NL,EUR
CUST00760,29823.48,3727.94,6240.97,1025.07,8,2025-04-03 22:53:18,95485.34,9253.78,NO,NOK
CUST00761,43365.04,7227.51,12098.28,2217.18,6,2025-04-03 19:18:21,105842.06,15266.29,NL,EUR
CUST00762,29415.11,2941.51,5079.56,473.06,10,2025-04-03 22:17:22,56491.28,5142.25,NO,NOK
CUST00763,62359.01,6928.78,13827.18,2411.19,9,2025-04-03 21:02:05,20572.92,15135.74,FI,EUR
CUST00764,42729.41,5341.18,9765.59,399.52,8,2025-04-03 22:14:48,31269.71,10668.7,NO,NOK
CUST00765,112138.96,9344.91,16470.06,1240.33,12,2025-04-03 23:22:07,10160.22,18796.35,SE,SEK
CUST00766,40797.6,3399.8,5867.38,1079.09,12,2025-04-03 15:45:39,82552.64,6573.53,NL,EUR
CUST00767,40928.25,2558.02,5625.14,144.93,16,2025-04-03 19:53:27,91074.76,5801.29,NO,NOK
CUST00768,1988.53,331.42,664.01,126.03,6,2025-04-03 23:23:56,56968.76,886.32,DK,DKK
CUST00769,46389.57,3092.64,5744.19,320.73,15,2025-04-03 23:55:59,89479.91,6464.02,FI,EUR
CUST00770,3305.26,275.44,505.42,27.02,12,2025-04-03 17:01:05,72386.23,581.52,NL,EUR
CUST00771,39180.13,4897.52,12049.82,1369.94,8,2025-04-03 22:47:29,138890.82,13000.45,DK,DKK
CUST00772,119733.21,9977.77,19045.96,1294.7,12,2025-04-03 22:05:30,148874.63,19163.39,SE,SEK
CUST00773,57824.56,4818.71,7802.51,1385.76,12,2025-04-03 21:54:05,95429.47,9815.65,DK,DKK
CUST00774,5578.16,464.85,723.63,152.25,12,2025-04-03 19:57:17,39568.94,740.58,NO,NOK
CUST00775,37159.7,2858.44,5178.99,121.88,13,2025-04-03 20:04:10,146134.77,5430.99,NL,EUR
CUST00776,67005.85,8375.73,15238.05,1771.72,8,2025-04-03 15:10:43,88118.93,15645.48,DK,DKK
CUST00777,115904.8,8915.75,15009.32,1492.44,13,2025-04-03 15:34:53,139537.52,15588.0,NO,NOK
CUST00778,70753.1,5442.55,9285.74,477.65,13,2025-04-03 21:44:31,110089.81,9986.19,FI,EUR
CUST00779,29434.31,2675.85,5332.12,260.5,11,2025-04-03 23:54:14,122248.38,5557.36,NL,EUR
CUST00780,37941.95,3161.83,5105.83,412.16,12,2025-04-03 23:42:45,16824.72,5896.86,NL,EUR
CUST00781,112825.31,6636.78,13240.46,679.61,17,2025-04-03 22:21:34,71945.62,13473.78,NO,NOK
CUST00782,163122.03,11651.57,19198.83,1741.31,14,2025-04-03 14:12:56,118872.09,19989.18,NL,EUR
CUST00783,7662.57,589.43,914.87,117.03,13,2025-04-03 22:26:51,57076.14,1000.77,DK,DKK
CUST00784,97392.26,12174.03,17363.14,4316.39,8,2025-04-03 20:38:55,55580.27,17531.97,NO,NOK
CUST00785,159777.48,11412.68,19439.34,1113.81,14,2025-04-03 20:13:01,72938.15,19743.99,NL,EUR
CUST00786,103579.32,7967.64,15711.58,1493.51,13,2025-04-03 14:01:03,29664.0,16730.91,NL,EUR
CUST00787,7059.11,1176.52,2167.07,491.84,6,2025-04-03 23:21:54,143280.16,2556.66,DK,DKK
CUST00788,44056.27,6293.75,13217.95,17.34,7,2025-04-03 21:56:12,115063.17,13476.79,DK,DKK
CUST00789,56214.4,7026.8,12396.68,1545.13,8,2025-04-03 22:42:36,130855.12,13251.43,FI,EUR
CUST00790,81698.77,6808.23,15606.5,526.0,12,2025-04-03 23:29:46,39234.55,18775.61,NO,NOK
CUST00791,51067.24,5106.72,10628.67,291.45,10,2025-04-03 21:23:50,128072.88,10944.26,NO,NOK
CUST00792,82788.97,7526.27,10491.12,2713.62,11,2025-04-03 19:05:49,119728.96,10996.71,FI,EUR
CUST00793,36683.67,4075.96,8979.58,474.71,9,2025-04-03 23:02:33,125663.89,12178.17,FI,EUR
CUST00794,11390.46,1035.5,1644.67,246.01,11,2025-04-03 19:42:03,41381.16,1646.85,SE,SEK
CUST00795,65308.04,7256.45,15226.06,796.97,9,2025-04-03 19:36:25,127286.46,17207.19,NO,NOK
CUST00796,48974.12,9794.82,14307.86,4141.06,5,2025-04-03 13:20:51,148663.95,15275.43,NO,NOK
CUST00797,155607.29,6765.53,14669.53,561.6,23,2025-04-03 20:01:28,42713.43,15169.2,FI,EUR
CUST00798,82500.38,9166.71,15479.56,1826.43,9,2025-04-03 21:55:44,68901.11,17995.75,FI,EUR
CUST00799,51299.66,5129.97,7633.89,2002.76,10,2025-04-03 20:56:15,110430.18,7842.84,NO,NOK
CUST00800,75777.91,6888.9,10008.82,2687.37,11,2025-04-03 20:32:38,53659.79,12071.15,SE,SEK
CUST00801,41771.51,5967.36,14243.14,964.3,7,2025-04-03 23:56:49,18260.98,15629.07,SE,SEK
CUST00802,26434.96,1652.18,2848.69,469.55,16,2025-04-03 22:22:07,41644.8,2880.01,DK,DKK
CUST00803,29035.4,4839.23,6570.85,2842.61,6,2025-04-03 15:17:54,86160.8,7987.22,NL,EUR
CUST00804,63109.04,6310.9,8092.76,884.63,10,2025-04-03 18:59:45,15366.47,8179.03,NO,NOK
CUST00805,64642.34,5386.86,11412.04,361.99,12,2025-04-03 17:30:27,78075.72,14056.71,SE,SEK
CUST00806,102691.43,8557.62,16611.86,1700.22,12,2025-04-03 23:42:16,18895.27,17103.28,FI,EUR
CUST00807,100895.86,11210.65,17344.95,1363.57,9,2025-04-03 02:04:41,45137.4,18951.19,NL,EUR
CUST00808,55051.54,6881.44,12087.74,2869.75,8,2025-04-03 17:53:21,67015.58,12320.36,NL,EUR
CUST00809,104418.59,10441.86,17939.97,2916.55,10,2025-04-03 20:09:00,99561.24,19169.75,SE,SEK
CUST00810,13481.72,1925.96,3768.89,766.37,7,2025-04-03 22:48:49,54180.24,5583.15,NL,EUR
CUST00811,44363.41,4033.04,9604.72,1178.97,11,2025-04-03 22:36:14,141738.7,12776.58,SE,SEK
CUST00812,60479.65,4319.98,7710.53,83.43,14,2025-04-03 21:20:48,84764.5,7889.37,FI,EUR
CUST00813,29304.5,2664.05,7332.78,165.37,11,2025-04-03 22:41:43,19130.87,7574.98,FI,EUR
CUST00814,15227.26,2175.32,3429.15,849.23,7,2025-04-03 07:35:25,41410.19,3926.76,NO,NOK
CUST00815,20841.19,1894.65,3566.52,461.33,11,2025-04-03 23:35:53,79579.54,3829.57,SE,SEK
CUST00816,83925.78,7629.62,12370.8,1775.71,11,2025-04-03 15:21:43,82974.92,14407.84,NL,EUR
CUST00817,67031.48,9575.93,14212.04,66.07,7,2025-04-03 22:22:13,110445.65,14282.34,NL,EUR
CUST00818,110830.55,7916.47,13662.35,196.23,14,2025-04-03 23:40:15,75583.27,15526.28,DK,DKK
CUST00819,107635.76,8969.65,18033.94,3353.89,12,2025-04-03 23:55:27,141757.61,18626.99,NO,NOK
CUST00820,22647.85,2264.78,3962.47,457.14,10,2025-04-03 22:36:44,139899.99,4208.59,NL,EUR
CUST00821,97777.75,7521.37,15189.64,1465.17,13,2025-04-03 23:42:25,112575.36,18124.07,NL,EUR
CUST00822,51659.62,7379.95,10462.8,2999.75,7,2025-04-03 17:07:25,77295.83,19409.7,NO,NOK
CUST00823,33666.43,3740.71,7451.61,339.57,9,2025-04-03 22:52:37,43864.68,8175.62,SE,SEK
CUST00824,70941.22,4173.01,6719.88,425.17,17,2025-04-03 19:43:48,133927.84,6906.76,DK,DKK
CUST00825,38772.16,1938.61,3684.11,64.72,20,2025-04-03 14:57:11,133584.34,4352.12,FI,EUR
CUST00826,55420.33,4263.1,6693.53,307.49,13,2025-04-03 19:46:22,19014.48,7799.03,DK,DKK
CUST00827,3079.02,342.11,516.47,109.2,9,2025-04-03 22:00:24,121825.81,613.3,NL,EUR
CUST00828,60779.22,7597.4,12614.02,89.25,8,2025-04-03 23:03:17,6518.32,13490.99,FI,EUR
CUST00829,112123.05,8008.79,15891.52,1531.25,14,2025-04-03 22:22:16,73615.64,15957.9,DK,DKK
CUST00830,78724.52,7156.77,11755.86,1286.58,11,2025-04-03 22:05:54,2540.52,14879.92,NL,EUR
CUST00831,47228.38,2485.7,4898.58,132.87,19,2025-04-03 22:11:48,73146.42,5364.6,FI,EUR
CUST00832,63146.28,5262.19,11544.76,291.55,12,2025-04-03 20:39:43,100116.4,12416.46,NO,NOK
CUST00833,24698.87,3087.36,6217.53,366.43,8,2025-04-03 19:24:45,34792.94,8812.91,NO,NOK
CUST00834,40001.4,5000.18,8052.36,671.29,8,2025-04-03 13:30:22,57362.72,9844.31,SE,SEK
CUST00835,51733.82,3979.52,6546.08,251.19,13,2025-04-03 16:24:42,45991.35,6736.9,SE,SEK
CUST00836,9927.95,1240.99,2310.56,30.42,8,2025-04-03 22:49:05,8293.53,2464.85,SE,SEK
CUST00837,21178.49,3025.5,5014.4,155.35,7,2025-04-03 22:22:26,50475.18,6958.63,FI,EUR
CUST00838,16152.86,1468.44,2329.85,150.85,11,2025-04-03 23:15:28,56053.05,3044.47,NL,EUR
CUST00839,95116.11,11889.51,18411.68,5749.98,8,2025-04-03 23:51:13,145265.36,18865.45,NL,EUR
CUST00840,41399.75,4139.98,8451.3,33.28,10,2025-04-03 17:06:34,148451.87,8655.14,DK,DKK
CUST00841,64987.61,8123.45,16195.63,1085.88,8,2025-04-03 19:15:25,67548.09,18660.98,FI,EUR
CUST00842,105221.06,7014.74,14743.63,827.19,15,2025-04-03 13:25:00,41485.22,15990.61,NL,EUR
CUST00843,84925.65,6066.12,10984.31,276.33,14,2025-04-03 22:12:23,130603.23,11468.72,NL,EUR
CUST00844,139088.52,9934.89,17007.87,239.78,14,2025-04-03 20:52:21,31435.23,17643.52,FI,EUR
CUST00845,17473.1,2496.16,4470.53,772.33,7,2025-04-03 16:53:45,39195.78,4866.62,NL,EUR
CUST00846,28199.89,3133.32,7898.2,622.11,9,2025-04-03 22:15:51,96122.49,10924.6,SE,SEK
CUST00847,48192.96,8032.16,17694.86,1216.9,6,2025-04-03 21:15:37,145846.68,18017.55,NL,EUR
CUST00848,75276.98,4704.81,10927.61,303.01,16,2025-04-03 23:52:05,123677.8,10979.08,SE,SEK
CUST00849,7635.45,1908.86,3508.3,950.35,4,2025-04-02 16:42:25,141875.62,3535.01,DK,DKK
CUST00850,29150.79,2242.37,3570.27,100.47,13,2025-04-03 21:39:12,135374.14,4182.77,NO,NOK
CUST00851,85563.58,6111.68,9347.72,1847.83,14,2025-04-03 21:13:20,3646.57,9372.97,FI,EUR
CUST00852,74907.11,9363.39,15982.2,3594.57,8,2025-04-03 04:31:05,21025.05,16617.96,NL,EUR
CUST00853,95659.24,9565.92,14669.46,943.63,10,2025-04-03 21:00:02,40514.64,17128.04,SE,SEK
CUST00854,37373.59,2198.45,5086.63,143.33,17,2025-04-03 22:25:11,114070.93,5254.27,DK,DKK
CUST00855,10066.1,1258.26,2683.62,130.51,8,2025-04-03 22:47:04,18899.79,3265.78,NL,EUR
CUST00856,101877.78,5361.99,9298.98,791.85,19,2025-04-03 23:28:38,58114.77,10090.5,DK,DKK
CUST00857,32225.99,4028.25,8642.55,1551.55,8,2025-04-03 19:14:01,53917.53,17963.94,FI,EUR
CUST00858,58081.2,6453.47,11555.08,1439.97,9,2025-04-03 18:00:21,79806.86,12682.79,DK,DKK
CUST00859,44597.72,5574.72,9086.77,1263.99,8,2025-04-03 17:15:43,137477.04,15666.79,FI,EUR
CUST00860,8228.15,1175.45,2749.73,376.32,7,2025-04-03 19:43:12,67280.96,3321.02,DK,DKK
CUST00861,19337.98,1487.54,2970.11,321.23,13,2025-04-03 19:30:07,53215.01,3195.31,DK,DKK
CUST00862,96047.02,6403.13,14389.71,750.92,15,2025-04-03 19:10:29,74816.79,14440.96,NL,EUR
CUST00863,46269.41,2891.84,6485.76,161.67,16,2025-04-03 22:45:59,105612.45,7566.77,NO,NOK
CUST00864,53486.05,10697.21,18015.1,4472.52,5,2025-04-03 17:28:06,136748.61,19450.48,SE,SEK
CUST00865,54777.35,5477.74,13438.74,776.02,10,2025-04-03 15:13:06,8851.92,14074.39,NO,NOK
CUST00866,13759.6,1375.96,2979.54,108.96,10,2025-04-03 14:10:28,99580.72,3254.91,SE,SEK
CUST00867,85229.37,7102.45,12471.43,432.8,12,2025-04-03 18:13:14,124744.66,14122.0,NL,EUR
CUST00868,50019.69,5557.74,11166.87,1248.45,9,2025-04-03 15:09:46,66874.06,12281.39,FI,EUR
CUST00869,115102.91,8854.07,18414.46,1246.4,13,2025-04-03 20:31:12,59760.41,19475.89,SE,SEK
CUST00870,61543.06,4734.08,10917.65,987.38,13,2025-04-03 16:30:03,60360.16,12299.13,NO,NOK
CUST00871,45248.65,4113.51,5758.77,543.43,11,2025-04-03 17:24:39,98078.64,5763.43,FI,EUR
CUST00872,5499.07,785.58,1558.83,393.95,7,2025-04-03 21:06:40,116930.19,1773.72,NL,EUR
CUST00873,10399.54,799.96,1188.07,117.62,13,2025-04-03 23:24:05,82977.86,1375.05,NO,NOK
CUST00874,17677.68,1964.19,3385.1,91.43,9,2025-04-03 19:19:53,14435.03,4300.23,FI,EUR
CUST00875,45630.65,5703.83,9482.61,3978.5,8,2025-04-03 08:13:03,50032.07,9800.58,SE,SEK
CUST00876,119375.28,8526.81,13811.34,2337.16,14,2025-04-03 21:00:28,102514.91,15492.1,NO,NOK
CUST00877,69392.91,9913.27,16129.87,1749.17,7,2025-04-03 03:40:47,97883.54,17191.07,NL,EUR
CUST00878,6684.93,1336.99,2967.93,514.3,5,2025-04-03 04:45:39,36247.04,3281.14,DK,DKK
CUST00879,37340.81,2872.37,5994.47,219.09,13,2025-04-03 20:44:59,14570.04,7584.9,DK,DKK
CUST00880,59707.85,5427.99,9727.33,2245.86,11,2025-04-03 07:35:48,39062.64,10021.05,DK,DKK
CUST00881,61524.57,7690.57,8981.88,5278.19,8,2025-04-03 17:17:11,128621.64,10365.88,DK,DKK
CUST00882,27485.04,3435.63,5445.38,572.55,8,2025-04-03 13:02:52,111285.86,6167.88,SE,SEK
CUST00883,28824.37,4804.06,7033.94,2860.88,6,2025-04-03 13:54:16,33846.17,13028.45,SE,SEK
CUST00884,33707.45,3370.74,5429.73,387.12,10,2025-04-03 23:34:28,109900.83,6687.05,NO,NOK
CUST00885,59622.93,5962.29,11786.96,540.34,10,2025-04-03 20:23:08,17591.8,12984.22,DK,DKK
CUST00886,80723.11,8072.31,14736.24,587.49,10,2025-04-03 20:14:23,116243.73,17426.4,NL,EUR
CUST00887,163772.82,9098.49,17412.08,383.13,18,2025-04-03 18:22:30,12996.9,17490.14,NO,NOK
CUST00888,30200.57,1887.54,3582.98,37.51,16,2025-04-03 21:46:46,28019.7,3708.4,FI,EUR
CUST00889,26446.44,2938.49,6221.33,44.74,9,2025-04-03 15:38:45,80558.19,8088.19,DK,DKK
CUST00890,108976.2,9906.93,17735.43,448.23,11,2025-04-03 15:23:45,12132.4,18709.48,NO,NOK
CUST00891,12171.39,1106.49,2359.86,31.68,11,2025-04-03 22:31:45,39789.0,2400.2,DK,DKK
CUST00892,81472.97,9052.55,18166.34,3441.69,9,2025-04-03 22:12:37,116270.47,19449.02,NL,EUR
CUST00893,34996.21,4374.53,7225.0,482.58,8,2025-04-03 14:53:35,2920.59,8574.05,FI,EUR
CUST00894,22114.92,2010.45,3730.29,507.92,11,2025-04-03 15:03:10,78713.89,3949.46,DK,DKK
CUST00895,15524.72,1108.91,2007.83,439.41,14,2025-04-03 23:36:22,57543.72,2247.94,DK,DKK
CUST00896,20011.27,2223.47,4404.26,810.91,9,2025-04-03 23:58:55,74712.54,4631.49,SE,SEK
CUST00897,5490.84,422.37,624.93,67.08,13,2025-04-03 21:58:18,29736.26,648.3,SE,SEK
CUST00898,51405.81,7343.69,17343.72,637.7,7,2025-04-03 21:27:03,40507.57,18053.65,FI,EUR
CUST00899,46375.12,3091.67,5163.12,60.01,15,2025-04-03 17:17:34,23429.61,5215.71,SE,SEK
CUST00900,25092.17,2788.02,6740.29,488.17,9,2025-04-03 21:06:13,124368.21,8360.82,DK,DKK
CUST00901,39270.62,6545.1,13580.95,1814.82,6,2025-04-03 06:07:49,35029.94,16828.09,DK,DKK
CUST00902,101874.29,11319.37,16949.65,2593.9,9,2025-04-03 22:41:41,14443.18,18451.59,SE,SEK
CUST00903,140644.56,8790.28,15340.68,1503.1,16,2025-04-03 22:58:41,111479.77,16888.91,SE,SEK
CUST00904,88105.14,9789.46,16037.29,2114.52,9,2025-04-03 20:11:55,41607.24,17405.31,SE,SEK
CUST00905,116729.79,10611.8,16980.22,2259.03,11,2025-04-03 21:05:39,16507.96,18298.02,SE,SEK
CUST00906,43361.18,4336.12,7646.74,605.16,10,2025-04-03 19:52:25,119418.5,7817.46,DK,DKK
CUST00907,102870.96,8572.58,19501.52,493.93,12,2025-04-03 23:50:12,45163.87,19877.92,NO,NOK
CUST00908,102894.89,6052.64,10286.37,477.79,17,2025-04-03 22:59:23,1249.68,10479.02,NL,EUR
CUST00909,29112.16,2911.22,4820.82,131.43,10,2025-04-03 10:04:13,134836.57,5718.02,SE,SEK
CUST00910,108980.01,10898.0,17402.03,5452.79,10,2025-04-03 22:04:46,106358.49,18485.79,FI,EUR
CUST00911,78510.89,7851.09,18974.97,615.04,10,2025-04-03 14:47:01,144299.76,19098.36,FI,EUR
CUST00912,45301.7,4530.17,7129.58,782.55,10,2025-04-03 22:51:43,89651.3,7381.85,DK,DKK
CUST00913,41966.62,4196.66,6911.32,1757.35,10,2025-04-03 13:19:10,143735.57,7368.94,SE,SEK
CUST00914,51747.74,3980.6,7637.34,1061.42,13,2025-04-03 21:45:07,64693.33,7753.3,FI,EUR
CUST00915,149725.41,10694.67,16584.69,1505.19,14,2025-04-03 19:35:26,103399.72,18025.51,FI,EUR
CUST00916,56381.7,5125.61,9629.55,1205.38,11,2025-04-03 22:17:32,90469.39,11691.99,FI,EUR
CUST00917,69975.43,4998.24,8511.08,457.1,14,2025-04-03 21:10:47,30123.49,9329.31,FI,EUR
CUST00918,17150.63,1429.22,2724.23,53.35,12,2025-04-03 21:12:21,35845.08,3055.63,DK,DKK
CUST00919,79826.57,6652.21,14237.95,906.07,12,2025-04-03 23:21:54,6348.48,14603.45,NL,EUR
CUST00920,42104.01,6014.86,9974.94,1539.17,7,2025-04-03 17:24:25,12425.2,10120.06,DK,DKK
CUST00921,16787.89,1526.17,4787.02,58.51,11,2025-04-03 20:35:25,4878.58,4913.65,SE,SEK
CUST00922,9498.35,1187.29,1809.87,68.62,8,2025-04-03 20:35:38,122514.07,1963.32,FI,EUR
CUST00923,54087.62,7726.8,17248.14,322.7,7,2025-04-03 15:38:21,104950.39,17306.95,FI,EUR
CUST00924,59256.66,6584.07,11705.17,2222.87,9,2025-04-03 22:29:16,100401.17,15566.56,DK,DKK
CUST00925,47702.25,5962.78,9165.67,657.79,8,2025-04-03 23:05:36,115047.2,14051.82,FI,EUR
CUST00926,16471.12,2745.19,4280.11,764.2,6,2025-04-03 09:37:21,2462.65,4568.9,NO,NOK
CUST00927,122153.05,8725.22,17092.19,460.1,14,2025-04-03 23:40:36,114192.95,18325.44,FI,EUR
CUST00928,23465.09,1564.34,3303.24,73.1,15,2025-04-03 18:55:30,130244.89,3701.83,DK,DKK
CUST00929,13727.31,1372.73,3335.29,23.64,10,2025-04-03 21:25:11,22519.82,4147.08,SE,SEK
CUST00930,12169.04,1738.43,3027.2,982.72,7,2025-04-03 14:51:32,68169.82,3437.09,NL,EUR
CUST00931,30194.76,1677.49,4223.68,21.11,18,2025-04-03 21:58:32,8446.98,4281.67,FI,EUR
CUST00932,77399.01,6449.92,12804.07,1471.58,12,2025-04-03 23:04:06,41750.89,13103.72,NL,EUR
CUST00933,33447.87,2389.13,4894.83,760.02,14,2025-04-03 20:40:12,134311.24,4916.07,SE,SEK
CUST00934,84050.14,7640.92,12697.22,978.37,11,2025-04-03 23:20:40,15644.99,12919.53,DK,DKK
CUST00935,89173.49,9908.17,16791.96,1607.05,9,2025-04-03 23:43:31,14589.26,18047.45,SE,SEK
CUST00936,89663.59,6404.54,9902.73,122.26,14,2025-04-03 22:56:31,64474.42,12083.1,DK,DKK
CUST00937,66918.41,6083.49,15141.25,1009.51,11,2025-04-03 21:44:58,131046.17,16789.5,DK,DKK
CUST00938,127298.53,9092.75,19229.52,46.54,14,2025-04-03 16:20:27,116400.85,19800.97,NO,NOK
CUST00939,39516.35,4939.54,9504.44,91.68,8,2025-04-03 18:54:20,69083.24,9944.92,FI,EUR
CUST00940,59957.31,5995.73,11656.24,1102.64,10,2025-04-03 02:08:11,22611.11,11762.89,SE,SEK
CUST00941,43969.77,8793.95,15877.08,2078.25,5,2025-04-03 15:32:23,29479.4,18034.82,SE,SEK
CUST00942,22884.83,3269.26,6464.55,275.67,7,2025-04-03 14:11:53,136593.94,6531.8,FI,EUR
CUST00943,70508.63,6409.88,10191.5,1926.9,11,2025-04-03 20:06:30,125208.65,10229.08,FI,EUR
CUST00944,9498.2,863.47,1728.51,79.64,11,2025-04-03 20:38:29,78716.33,1760.02,NO,NOK
CUST00945,120241.73,6328.51,12877.47,1937.2,19,2025-04-03 20:58:37,32990.13,13374.94,SE,SEK
CUST00946,33292.98,3026.63,8790.83,254.68,11,2025-04-03 07:14:34,52857.63,8924.99,NO,NOK
CUST00947,124802.77,12480.28,17511.94,4981.45,10,2025-04-03 21:27:41,71240.08,17914.16,SE,SEK
CUST00948,125133.96,6586.0,11267.39,1071.68,19,2025-04-03 22:10:51,84804.19,11308.53,NO,NOK
CUST00949,8057.62,1151.09,2131.13,35.5,7,2025-04-03 20:22:38,85216.43,2372.82,FI,EUR
CUST00950,74415.53,4650.97,8770.95,209.66,16,2025-04-03 22:41:14,75820.37,9495.04,FI,EUR
CUST00951,120630.41,10052.53,16807.07,2353.88,12,2025-04-03 22:36:36,113500.54,18048.29,SE,SEK
CUST00952,8540.31,948.92,1436.27,409.36,9,2025-04-03 22:41:07,60739.85,1566.51,NO,NOK
CUST00953,51552.69,7364.67,12684.51,957.91,7,2025-04-03 21:10:40,123380.05,14939.22,SE,SEK
CUST00954,44157.51,2759.84,5906.17,65.0,16,2025-04-03 21:40:34,77681.47,6367.4,NO,NOK
CUST00955,58786.34,5344.21,10625.38,401.3,11,2025-04-03 21:44:08,103322.32,10636.54,NL,EUR
CUST00956,71370.36,4758.02,8317.19,577.72,15,2025-04-03 23:47:17,4186.13,8388.87,DK,DKK
CUST00957,35369.58,2947.46,4006.97,253.23,12,2025-04-03 19:21:09,123342.13,4103.75,FI,EUR
CUST00958,37386.62,3738.66,7493.04,137.43,10,2025-04-03 23:59:24,30452.48,7663.12,NL,EUR
CUST00959,71132.78,6466.62,11241.51,4475.95,11,2025-04-03 22:24:30,69862.57,11502.08,SE,SEK
CUST00960,111345.87,8565.07,16239.04,1062.12,13,2025-04-03 17:23:10,96943.79,17707.27,SE,SEK
CUST00961,74529.14,5733.01,12041.74,325.5,13,2025-04-03 21:45:29,53983.28,13290.43,NO,NOK
CUST00962,161283.75,8960.21,18260.54,1001.55,18,2025-04-03 22:49:50,107419.76,18365.12,DK,DKK
CUST00963,16781.71,2397.39,5952.94,104.96,7,2025-04-03 23:10:04,99016.29,7287.86,NL,EUR
CUST00964,223740.26,11775.8,17299.45,457.1,19,2025-04-03 22:22:43,4913.52,18717.56,SE,SEK
CUST00965,115792.26,9649.36,18409.82,1096.22,12,2025-04-03 23:38:54,16262.06,18486.33,NO,NOK
CUST00966,129717.77,9978.29,17706.08,3235.92,13,2025-04-03 20:47:53,6094.03,18509.24,SE,SEK
CUST00967,14842.9,2473.82,4500.62,763.43,6,2025-04-03 08:52:28,56955.53,4897.18,DK,DKK
CUST00968,96333.1,12041.64,15307.02,6665.29,8,2025-04-03 15:49:53,13359.74,17919.17,NO,NOK
CUST00969,50033.78,5559.31,10581.56,1283.25,9,2025-04-03 23:18:57,129741.43,11622.22,NL,EUR
CUST00970,18043.6,1002.42,1899.4,25.46,18,2025-04-03 23:45:04,92962.59,2023.8,FI,EUR
CUST00971,40562.54,5070.32,11618.2,147.38,8,2025-04-03 18:41:46,75057.48,18484.33,SE,SEK
CUST00972,163449.52,10215.59,16309.14,189.46,16,2025-04-03 21:56:58,10658.95,17137.31,FI,EUR
CUST00973,51834.6,7404.94,13195.44,1296.41,7,2025-04-03 13:23:30,92987.41,13238.02,DK,DKK
CUST00974,21469.36,2683.67,3954.01,955.7,8,2025-04-03 21:18:15,30476.43,5094.54,FI,EUR
CUST00975,93942.83,8540.26,12609.49,3260.01,11,2025-04-03 23:19:47,52203.91,14604.93,SE,SEK
CUST00976,4485.8,448.58,789.89,52.45,10,2025-04-03 21:09:23,34174.13,918.14,NL,EUR
CUST00977,105214.31,7515.31,13457.83,438.23,14,2025-04-03 22:57:53,91416.76,14061.09,NL,EUR
CUST00978,30233.5,1778.44,3799.09,50.37,17,2025-04-03 18:33:46,17779.69,5144.32,NO,NOK
CUST00979,8789.48,878.95,1384.27,21.78,10,2025-04-03 15:13:45,62253.29,1604.76,NO,NOK
CUST00980,65294.57,6529.46,10001.0,3221.4,10,2025-04-03 23:51:44,47461.82,13322.86,SE,SEK
CUST00981,113645.2,8117.51,15156.46,2549.22,14,2025-04-03 23:38:57,31276.21,15714.06,NL,EUR
CUST00982,29596.75,4228.11,7917.36,46.34,7,2025-04-03 22:40:33,48169.41,9981.05,FI,EUR
CUST00983,64160.07,7128.9,13482.0,315.72,9,2025-04-03 21:13:26,34965.12,14117.67,NL,EUR
CUST00984,12854.67,918.19,1653.64,74.67,14,2025-04-03 23:32:43,125530.62,1664.54,DK,DKK
CUST00985,41963.01,6993.84,10388.17,3888.87,6,2025-04-03 23:26:05,129484.54,13368.55,SE,SEK
CUST00986,33021.59,5503.6,15210.93,1633.11,6,2025-04-03 13:07:46,5180.26,16299.75,FI,EUR
CUST00987,43090.26,5386.28,7486.39,1225.45,8,2025-04-03 23:58:46,109005.05,8068.16,FI,EUR
CUST00988,14530.01,2075.72,3003.06,61.48,7,2025-04-03 23:46:34,86104.08,3071.52,DK,DKK
CUST00989,29295.16,3661.9,6472.47,326.53,8,2025-04-03 22:23:44,13287.76,7553.05,FI,EUR
CUST00990,66174.28,5090.33,8667.89,1654.21,13,2025-04-03 23:44:56,46380.83,9078.23,SE,SEK
CUST00991,37355.12,3735.51,5886.92,579.48,10,2025-04-03 12:45:40,95842.59,5890.69,DK,DKK
CUST00992,21542.85,1538.78,3361.89,41.74,14,2025-04-03 23:27:49,66345.71,3364.58,SE,SEK
CUST00993,40306.3,5038.29,11090.1,1005.24,8,2025-04-03 18:18:11,98362.82,11291.45,SE,SEK
CUST00994,10783.93,1347.99,2514.04,147.9,8,2025-04-03 20:37:50,146304.71,2628.69,FI,EUR
CUST00995,14697.64,1130.59,1865.08,758.71,13,2025-04-03 17:49:38,12078.81,1892.17,NL,EUR
CUST00996,66258.32,5096.79,9284.61,925.96,13,2025-04-03 19:02:47,49317.81,9678.36,SE,SEK
CUST00997,38257.07,4250.79,11804.59,787.83,9,2025-04-03 22:21:00,55561.14,14457.48,NO,NOK
CUST00998,69801.49,9971.64,17264.98,101.38,7,2025-04-03 07:12:26,141021.01,19126.0,FI,EUR
CUST00999,58097.56,8299.65,15829.49,698.75,7,2025-04-03 21:37:05,94733.49,16065.01,NL,EUR
